config_label,model,iteration,sector,Umax,model_variant,p,y00_real,y00_imag,A_real,A_imag,a1_real,a1_imag,a2_real,a2_imag,a3_real,a3_imag,rel_rms,n,success
reference,scalar,4,-1,0.015,linear_delta,0.9886183959484591,-3.2642932101979045e-12,-6.73691189788621e-10,7.306076944094054e-11,1.575363901029254e-09,1.1052176923801054e-10,1.369411682618537e-08,0.0,0.0,0.0,0.0,0.01596394229564136,30,True
reference,scalar,4,-1,0.015,quadratic_delta,0.9886183634552198,-4.949911788386176e-13,-6.717161997764047e-10,7.306076931321133e-11,1.5753639045574784e-09,9.418048784359346e-11,1.3682462601268523e-08,1.4925037006890833e-11,1.0644192090703396e-11,0.0,0.0,0.015963801012137388,30,True
reference,scalar,4,-1,0.015,quadratic_cross,0.20000000000000004,-4.21413047063022e-11,6.414700755334981e-13,1.0380879075390893e-10,4.4230957266515127e-11,9.143018311509696e-11,1.2260225882318757e-08,1.4925037006990246e-11,1.0644192087734241e-11,6.188185638870901e-12,3.200032617641486e-09,0.002057042067647368,30,True
reference,scalar,4,-1,0.02,linear_delta,1.0502506762201727,5.650296299260385e-12,-8.723735389105727e-10,5.876071190561979e-11,2.1637567857062233e-09,1.1398295500104133e-10,1.4136275204724295e-08,0.0,0.0,0.0,0.0,0.02036059350152225,35,True
reference,scalar,4,-1,0.02,quadratic_delta,1.0502506833447551,7.230118407738772e-12,-8.722489386965689e-10,5.876071191525028e-11,2.1637567844266472e-09,1.046606377777403e-10,1.4135539977687538e-08,8.51438306393056e-12,6.715073610064826e-13,0.0,0.0,0.020360572958209273,35,True
reference,scalar,4,-1,0.02,quadratic_cross,0.20414641567090852,-3.124962538029142e-11,2.90990139080378e-11,9.101496080858936e-11,2.5014503555114824e-12,1.0530624939561431e-10,1.2205185828477589e-08,7.0176238294961195e-12,1.3563315939989354e-12,-7.091560958301644e-12,4.506734926856941e-09,0.002275422353099989,35,True
reference,scalar,4,-1,0.03,linear_delta,1.1652147953456158,1.3873769393425978e-11,-1.168286786256032e-09,4.504845136753645e-11,3.5233802147397554e-09,1.198112480284427e-10,1.4837101277147774e-08,0.0,0.0,0.0,0.0,0.02731805051756341,40,True
reference,scalar,4,-1,0.03,quadratic_delta,1.1652148175102126,1.5572128457426796e-11,-1.1693296625201553e-09,4.504845130345034e-11,3.5233802106525105e-09,1.097894609242471e-10,1.4843255244436948e-08,9.15323222183821e-12,-5.620623457672331e-12,0.0,0.0,0.02731803298468827,40,True
reference,scalar,4,-1,0.03,quadratic_cross,0.20000000000104431,-4.548580906134443e-11,1.2603437502608894e-10,1.079843571378361e-10,-1.3429603326721108e-10,1.1415507341344078e-10,1.2023269581494929e-08,9.153232221914579e-12,-5.620623457600298e-12,-1.164163330471099e-11,7.519961767843491e-09,0.0038300622701473185,40,True
reference,scalar,4,-1,0.05,linear_delta,1.2979765149408555,-3.990301101865761e-11,-1.7633009526111164e-09,2.032705732480711e-10,6.935322434027798e-09,2.026646427760176e-10,1.6222661876981723e-08,0.0,0.0,0.0,0.0,0.038563542982413754,45,True
reference,scalar,4,-1,0.05,quadratic_delta,1.2979765304816915,-2.9209471027683654e-11,-1.7498445293664805e-09,2.0327057315921803e-10,6.935322431062175e-09,1.3956350489020044e-10,1.6143257432521675e-08,5.7632372602388166e-11,7.252272593781134e-11,0.0,0.0,0.038563057281472406,45,True
reference,scalar,4,-1,0.05,quadratic_cross,0.26803228707821114,4.145259380803138e-11,4.368700232149694e-10,-2.965625070226494e-11,-6.526281271441963e-10,-2.6864274515393163e-11,1.1383289230575442e-08,5.7632372602315956e-11,7.252272593645602e-11,5.349464338038266e-10,1.529989779197619e-08,0.007514473107396343,45,True
reference,scalar,4,1,0.015,linear_delta,0.988618118124472,-3.2647032889442633e-12,-6.736910329036697e-10,7.306121977510728e-11,1.5753639378406481e-09,1.1052200737338657e-10,1.3694116426566299e-08,0.0,0.0,0.0,0.0,0.01596394427474799,30,True
reference,scalar,4,1,0.015,quadratic_delta,0.9886181380907973,-4.956506619033136e-13,-6.717157458274912e-10,7.306121901474181e-11,1.5753639357101727e-09,9.418220423373452e-11,1.368246056900606e-08,1.4923686867577965e-11,1.0645683237016884e-11,0.0,0.0,0.015963802994860138,30,True
reference,scalar,4,1,0.015,quadratic_cross,0.20000000000000004,-4.214175954323815e-11,6.41985307697579e-13,1.0380879058471061e-10,4.42309982806515e-11,9.143175993069204e-11,1.2260223800873751e-08,1.4923686867577752e-11,1.0645683235753306e-11,6.188499681838067e-12,3.2000327283000067e-09,0.002057041823811845,30,True
reference,scalar,4,1,0.02,linear_delta,1.0502504775414752,5.6499603508110725e-12,-8.723734064971016e-10,5.876114133636703e-11,2.163756751136676e-09,1.1398314279074777e-10,1.4136274903708588e-08,0.0,0.0,0.0,0.0,0.02036059694695573,35,True
reference,scalar,4,1,0.02,quadratic_delta,1.0502504319854038,7.22959749363495e-12,-8.722485750528926e-10,5.876114257401944e-11,2.1637567592823638e-09,1.0466191019993184e-10,1.41355381491732e-08,8.513392432922756e-12,6.729024759358782e-13,0.0,0.0,0.020360576407870406,35,True
reference,scalar,4,1,0.02,quadratic_cross,0.20416509762797064,-3.125227364779454e-11,2.9100422065049826e-11,9.101842167076593e-11,2.5003560914352126e-12,1.0530798403971935e-10,1.2205183530757202e-08,7.017152601278438e-12,1.3576253546934625e-12,-7.090695922181813e-12,4.506735758015494e-09,0.0022754226755011225,35,True
reference,scalar,4,1,0.03,linear_delta,1.1652147951373653,1.3873542328624993e-11,-1.1682865707086755e-09,4.50487338653147e-11,3.5233802022759154e-09,1.1981139786042567e-10,1.4837100978011374e-08,0.0,0.0,0.0,0.0,0.027318052497747113,40,True
reference,scalar,4,1,0.03,quadratic_delta,1.165214786985882,1.557174972429395e-11,-1.1693292283733574e-09,4.50487333854929e-11,3.5233802037867753e-09,1.0979050505218595e-10,1.4843253525742093e-08,9.152415431545407e-12,-5.619326928829207e-12,0.0,0.0,0.027318034969360843,40,True
reference,scalar,4,1,0.03,quadratic_cross,0.20000000000104418,-4.548623272214933e-11,1.2603483768686234e-10,1.0798455681852659e-10,-1.3429604832711016e-10,1.1415612911827114e-10,1.2023267797169048e-08,9.152415431461907e-12,-5.619326923191355e-12,-1.164166417603006e-11,7.519961942850118e-09,0.0038300614277681838,40,True
reference,scalar,4,1,0.05,linear_delta,1.2979764820156585,-3.990319625665374e-11,-1.7633007713616849e-09,2.0327078738899617e-10,6.93532230064516e-09,2.026648113816789e-10,1.6222661606935407e-08,0.0,0.0,0.0,0.0,0.038563544373860094,45,True
reference,scalar,4,1,0.05,quadratic_delta,1.2979764582888982,-2.920978417249046e-11,-1.7498441568239418e-09,2.0327078733341945e-10,6.935322305176771e-09,1.395644212316737e-10,1.6143255784342103e-08,5.7631689670322455e-11,7.252398463738562e-11,0.0,0.0,0.03856305866705706,45,True
reference,scalar,4,1,0.05,quadratic_cross,0.2680324318155,4.1452185525579696e-11,4.3687046543857697e-10,-2.965601193442004e-11,-6.526282861793472e-10,-2.6863361974678968e-11,1.1383287498378447e-08,5.763168967040568e-11,7.252398463650598e-11,5.34946446020138e-10,1.529989806203388e-08,0.007514472044190902,45,True
reference,scalar,5,-1,0.015,linear_delta,1.3423814257662863,-8.70924244139449e-09,-5.565661054287939e-09,6.374897684746143e-08,3.53614586260197e-08,1.7364817581875866e-08,3.751894379286343e-08,0.0,0.0,0.0,0.0,0.0376410949576194,30,True
reference,scalar,5,-1,0.015,quadratic_delta,1.3423814262309581,-1.0417114748632741e-08,-6.483514255828356e-09,6.374897684537388e-08,3.5361458626073764e-08,2.744274232176778e-08,4.293507206220082e-08,-9.204504595767487e-09,-4.9467304859954605e-09,0.0,0.0,0.037263397257337905,30,True
reference,scalar,5,-1,0.015,quadratic_cross,1.574717514362407,-1.2293422828495959e-09,-1.493960746813222e-10,4.336606929553934e-08,2.051988018069435e-08,8.310994320604448e-09,2.9036043062702285e-08,-9.204504595771335e-09,-4.9467304859937946e-09,4.304643300262492e-08,3.127281524886815e-08,0.0072711762536091795,30,True
reference,scalar,5,-1,0.02,linear_delta,1.3847864142182609,-1.1913563907442688e-08,-6.7143739423269004e-09,9.593077639117204e-08,5.2459509308251086e-08,2.454005837588518e-08,4.048536342724393e-08,0.0,0.0,0.0,0.0,0.03871796402708467,35,True
reference,scalar,5,-1,0.02,quadratic_delta,1.3847864159721412,-1.5098752335403936e-08,-7.731592954552297e-09,9.593077638301207e-08,5.245950930397968e-08,4.333542691839863e-08,4.648783605102157e-08,-1.7166436602165115e-08,-5.4822583297215154e-09,0.0,0.0,0.03816854659442568,35,True
reference,scalar,5,-1,0.02,quadratic_cross,1.62652041411924,-1.865171031839318e-09,-3.5930784777041946e-10,6.482084108118651e-08,3.5033161057686784e-08,1.4937312782739233e-08,3.068094291789705e-08,-1.7166436602154127e-08,-5.482258329717113e-09,6.626226631652122e-08,3.688275064394904e-08,0.010526718147984403,35,True
reference,scalar,5,-1,0.03,linear_delta,1.4255589264288882,-1.7848537905571445e-08,-8.719705457348865e-09,1.6879574802506954e-07,9.899179213934869e-08,3.8816271708903935e-08,4.3567037485700204e-08,0.0,0.0,0.0,0.0,0.04161234484251014,40,True
reference,scalar,5,-1,0.03,quadratic_delta,1.4255589263966917,-2.4348890516989683e-08,-9.845138739258554e-09,1.6879574802581736e-07,9.899179213842857e-08,7.717397790739953e-08,5.0208067865762547e-08,-3.503337166129063e-08,-6.0654744137888716e-09,0.0,0.0,0.040938869941976104,40,True
reference,scalar,5,-1,0.03,quadratic_cross,1.6919817088233746,-2.252037410666703e-09,-1.2103690126858147e-09,1.0630835945025439e-07,7.860253761161864e-08,2.6946069450384538e-08,3.3942168115653866e-08,-3.503337166130014e-08,-6.0654744137831475e-09,1.3394108921872704e-07,4.337573266693921e-08,0.015290872828130755,40,True
reference,scalar,5,-1,0.05,linear_delta,1.4049435851927459,-3.3641318552523925e-08,-1.7116007419599583e-08,3.185894606341792e-07,2.376001727184644e-07,7.74574681721351e-08,5.186661345381008e-08,0.0,0.0,0.0,0.0,0.053376315318883184,45,True
reference,scalar,5,-1,0.05,quadratic_delta,1.404943586912213,-4.866699396104178e-08,-2.173986199607549e-08,3.1858946061341586e-07,2.37600172723121e-07,1.6612195765329135e-07,7.915135752124667e-08,-8.098023372612859e-08,-2.4920066248252812e-08,0.0,0.0,0.05269871684609869,45,True
reference,scalar,5,-1,0.05,quadratic_cross,1.7986232630663792,-5.825269724437275e-10,-4.3042264071306975e-09,1.4355843850939862e-07,1.9843523264116435e-07,4.980661692090696e-08,5.27608874030444e-08,-8.098023372610658e-08,-2.4920066248290482e-08,3.7387073806831694e-07,8.482651109432269e-08,0.0221202624353393,45,True
reference,scalar,5,1,0.015,linear_delta,1.3423874538432652,-8.709227616714015e-09,-5.5656522416320085e-09,6.374906222377087e-08,3.536149904791387e-08,1.736469726961918e-08,3.7518888325235423e-08,0.0,0.0,0.0,0.0,0.037641148931304956,30,True
reference,scalar,5,1,0.015,quadratic_delta,1.3423874526194153,-1.0416953420451907e-08,-6.483416038462044e-09,6.374906222817364e-08,3.536149904975629e-08,2.744175739984804e-08,4.29344889712421e-08,-9.203714918940516e-09,-4.946248590020266e-09,0.0,0.0,0.037263518888834446,30,True
reference,scalar,5,1,0.015,quadratic_cross,1.5747265871252387,-1.2291810514242805e-09,-1.4930219828825324e-10,4.3366134374780927e-08,2.0519909525590828e-08,8.309979689520718e-09,2.9035442468095788e-08,-9.203714918938862e-09,-4.946248590017218e-09,4.304649984822887e-08,3.1272854632072904e-08,0.007271492545642322,30,True
reference,scalar,5,1,0.02,linear_delta,1.384788230338577,-1.1913587638060495e-08,-6.71438728402563e-09,9.59308864033352e-08,5.24595652241513e-08,2.453995524370755e-08,4.0485315930040045e-08,0.0,0.0,0.0,0.0,0.03871802765963984,35,True
reference,scalar,5,1,0.02,quadratic_delta,1.3847882290634363,-1.5098650472383e-08,-7.731529708281583e-09,9.593088640929755e-08,5.24595652272228e-08,4.333458239260335e-08,4.648733646486496e-08,-1.7165759462656475e-08,-5.481845421804765e-09,0.0,0.0,0.03816865847468752,35,True
reference,scalar,5,1,0.02,quadratic_cross,1.6265223504085138,-1.865060786703669e-09,-3.5924141010981104e-10,6.482090283951824e-08,3.503319413981095e-08,1.4936417087706545e-08,3.068041889198065e-08,-1.716575946266339e-08,-5.481845421793878e-09,6.626238571144167e-08,3.68828076700388e-08,0.010526879381592665,35,True
reference,scalar,5,1,0.03,linear_delta,1.4255583638059064,-1.784859527513954e-08,-8.71973774818747e-09,1.68795866735416e-07,9.899185273102309e-08,3.881618149840575e-08,4.356699597556354e-08,0.0,0.0,0.0,0.0,0.04161238577792762,40,True
reference,scalar,5,1,0.03,quadratic_delta,1.4255583637331157,-2.4348837947228805e-08,-9.845104025106037e-09,1.6879586673522496e-07,9.899185273214566e-08,7.717323895569274e-08,5.020763096125846e-08,-3.503277914432497e-08,-6.0651132869383125e-09,0.0,0.0,0.0409389362033293,40,True
reference,scalar,5,1,0.03,quadratic_cross,1.6919802926020129,-2.2519641369485514e-09,-1.2103284493078101e-09,1.0630840483853912e-07,7.860256860676888e-08,2.6945273844411276e-08,3.39417082780854e-08,-3.503277914432393e-08,-6.065113286945067e-09,1.3394124029675653e-07,4.337579382182111e-08,0.015290936062416886,40,True
reference,scalar,5,1,0.05,linear_delta,1.4049428739866108,-3.364138183157258e-08,-1.7116047308890206e-08,3.185895696904739e-07,2.3760022395471876e-07,7.745738803525032e-08,5.1866576608562654e-08,0.0,0.0,0.0,0.0,0.0533763336017839,45,True
reference,scalar,5,1,0.05,quadratic_delta,1.404942876812357,-4.8666959485412174e-08,-2.1739842345795117e-08,3.185895696709137e-07,2.3760022394277025e-07,1.661213009452462e-07,7.915096956438994e-08,-8.097970712446375e-08,-2.4919745566316318e-08,0.0,0.0,0.05269874498467493,45,True
reference,scalar,5,1,0.05,quadratic_cross,1.7986219075029803,-5.824542101908734e-10,-4.3041983641654585e-09,1.4355844665363113e-07,1.9843525344123927e-07,4.980590110870487e-08,5.276048126524708e-08,-8.09797071244053e-08,-2.4919745566317727e-08,3.738709280458279e-07,8.482656953293239e-08,0.0221202807703411,45,True
reference,scalar,6,-1,0.015,linear_delta,1.331116268080674,-1.3679149317298438e-10,-3.1895582472406406e-09,2.693335140499473e-10,8.330121917745365e-09,2.598233636731861e-10,2.6006897613094914e-08,0.0,0.0,0.0,0.0,0.037084170930482004,30,True
reference,scalar,6,-1,0.015,quadratic_delta,1.331116242998261,-1.0129142742059121e-10,-3.197823649615055e-09,2.6933351436692216e-10,8.33012192896598e-09,5.034224493124558e-11,2.605567042365252e-08,1.913260884510395e-10,-4.4545833649358393e-11,0.0,0.0,0.03708292331397346,30,True
reference,scalar,6,-1,0.015,quadratic_cross,0.20000000000000004,9.292778379226533e-11,6.431763855022162e-10,-1.2685238511954234e-10,-8.970711638364336e-10,-3.0387924495657817e-10,1.7794102994510833e-08,1.913260884509891e-10,-4.4545833644555886e-11,7.969983522476491e-10,1.85885267155613e-08,0.007301169488167845,30,True
reference,scalar,6,-1,0.02,linear_delta,1.452960962794097,-2.5271468494989207e-10,-4.486544715322379e-09,5.292174824637527e-10,1.2878181624393187e-08,4.673618992754571e-10,2.8948698101732326e-08,0.0,0.0,0.0,0.0,0.04530761028025974,35,True
reference,scalar,6,-1,0.02,quadratic_delta,1.4529609442515523,-1.8336861964394495e-10,-4.50129491662254e-09,5.29217483179004e-10,1.287818163455179e-08,5.8160088250313095e-11,2.903573683995047e-08,3.7373765406962865e-10,-7.949538090682423e-11,0.0,0.0,0.04530520554603196,35,True
reference,scalar,6,-1,0.02,quadratic_cross,0.20000000000000004,1.9013156853637896e-10,1.2151315466715177e-09,-2.611503661460683e-10,-1.6840380385446014e-09,-6.076338280576669e-10,1.658723506034525e-08,3.737376540695671e-10,-7.949538090554456e-11,1.553519138052113e-09,2.9046504152409814e-08,0.01098646361675702,35,True
reference,scalar,6,-1,0.03,linear_delta,1.7251562642624656,-6.111677647197346e-10,-6.88809708750765e-09,1.670490227028691e-09,2.6363357171647088e-08,1.0948087324779606e-09,3.474692761286622e-08,0.0,0.0,0.0,0.0,0.054599971266882256,40,True
reference,scalar,6,-1,0.03,quadratic_delta,1.7251562617248202,-4.3912780206859506e-10,-6.928569351672088e-09,1.6704902258334903e-09,2.6363357172608788e-08,7.962405837640003e-11,3.498574895669591e-08,9.27202002346073e-10,-2.1812349403094233e-10,0.0,0.0,0.05459524588459944,40,True
reference,scalar,6,-1,0.03,quadratic_cross,0.20000000000000004,6.035717067647298e-10,3.1777052657554865e-09,-8.538401375765815e-10,-4.501424349910618e-09,-1.70294798273822e-09,1.271796180067991e-08,9.272020023458585e-10,-2.1812349403206026e-10,4.753525442972925e-09,5.9380765749377766e-08,0.019724096000104534,40,True
reference,scalar,6,-1,0.05,linear_delta,2.1646500999672784,-2.5703097016061774e-09,-1.4129702197805395e-08,1.0217468670159915e-08,8.08209298210291e-08,4.62938649793949e-09,5.1715048213562886e-08,0.0,0.0,0.0,0.0,0.06380783960943232,45,True
reference,scalar,6,-1,0.05,quadratic_delta,2.1646500885980093,-1.8417430430879055e-09,-1.44118807114973e-08,1.0217468670458667e-08,8.08209298254896e-08,3.3021262993464195e-10,5.338014536175557e-08,3.9265787994441536e-09,-1.520788728683146e-09,0.0,0.0,0.06379539621661867,45,True
reference,scalar,6,-1,0.05,quadratic_cross,0.22365908980857502,3.5933940469184393e-09,1.163377445800183e-08,-5.494097494902627e-09,-1.774637540038264e-08,-8.47286610207758e-09,-2.684143825644824e-09,3.926578799445221e-09,-1.5207887286873616e-09,2.829561021003625e-08,1.80206643816665e-07,0.03267060069622644,45,True
reference,scalar,6,1,0.015,linear_delta,1.3311116096452316,-1.367889804335768e-10,-3.189568677475878e-09,2.6933344713118156e-10,8.330124421110052e-09,2.598142693442652e-10,2.6006908146929832e-08,0.0,0.0,0.0,0.0,0.03708412487473169,30,True
reference,scalar,6,1,0.015,quadratic_delta,1.3311116291017717,-1.0128158481276373e-10,-3.1978442429160988e-09,2.693334468024738e-10,8.330124412407947e-09,5.028991048632696e-11,2.6055741313391555e-08,1.9136558109025873e-10,-4.460095870174431e-11,0.0,0.0,0.0370828766091623,30,True
reference,scalar,6,1,0.015,quadratic_cross,0.20000000000000004,9.295169627846497e-11,6.431471747192332e-10,-1.268718106285033e-10,-8.970494547105176e-10,-3.0394321126159583e-10,1.7794187191077306e-08,1.9136558109030714e-10,-4.460095870298401e-11,7.970245239327276e-10,1.8588496775209434e-08,0.00730116758017203,30,True
reference,scalar,6,1,0.02,linear_delta,1.4529587594118816,-2.527131064290748e-10,-4.4865515274350126e-09,5.292190826766306e-10,1.2878181475239911e-08,4.673541050350954e-10,2.894870713349462e-08,0.0,0.0,0.0,0.0,0.04530757812923453,35,True
reference,scalar,6,1,0.02,quadratic_delta,1.4529587522051248,-1.8336075786495412e-10,-4.501310472000264e-09,5.292190829505029e-10,1.287818147918872e-08,5.811522313781296e-11,2.903579759607883e-08,3.7377151213282575e-10,-7.954262249490395e-11,0.0,0.0,0.04530517285267408,35,True
reference,scalar,6,1,0.02,quadratic_cross,0.20000000000000004,1.9015326851043104e-10,1.2151052101919794e-09,-2.611685363838913e-10,-1.6840177931856117e-09,-6.076897579048389e-10,1.6587308255202498e-08,3.7377151213295536e-10,-7.954262249401635e-11,1.553544955765939e-09,2.9046475128711146e-08,0.010986476554186362,35,True
reference,scalar,6,1,0.03,linear_delta,1.7251663847843806,-6.111454002032255e-10,-6.888058830588322e-09,1.6706729077179697e-09,2.6363463088972934e-08,1.0947152640677975e-09,3.474688170915054e-08,0.0,0.0,0.0,0.0,0.054599529782832334,40,True
reference,scalar,6,1,0.03,quadratic_delta,1.7251663649325542,-4.3903848546460376e-10,-6.928500648552772e-09,1.6706729089054673e-09,2.6363463095841812e-08,7.913549354695412e-11,3.498552310925461e-08,9.275628570756926e-10,-2.179591454266776e-10,0.0,0.0,0.05459480124954317,40,True
reference,scalar,6,1,0.03,quadratic_cross,0.20000000000000004,6.036404899211481e-10,3.177713016222462e-09,-8.537457752442661e-10,-4.501337423455557e-09,-1.7034218040016858e-09,1.271776088549897e-08,9.275628570757847e-10,-2.1795914542334122e-10,4.75348612679608e-09,5.9380699263337005e-08,0.019724229627973253,40,True
reference,scalar,6,1,0.05,linear_delta,2.164638464925283,-2.570120867786832e-09,-1.412974707907001e-08,1.021695313349088e-08,8.082087205602169e-08,4.629082482279328e-09,5.171506854183003e-08,0.0,0.0,0.0,0.0,0.06380795662891754,45,True
reference,scalar,6,1,0.05,quadratic_delta,2.164638462766171,-1.8418339967996184e-09,-1.4411908765666662e-08,1.0216953131704822e-08,8.082087205709746e-08,3.315596349629571e-10,5.338006663586447e-08,3.925070867215332e-09,-1.5206982592149643e-09,0.0,0.0,0.06379552169035971,45,True
reference,scalar,6,1,0.05,quadratic_cross,0.22365772290687214,3.5929247624313412e-09,1.1633808324270776e-08,-5.49364327503643e-09,-1.7746377849853802e-08,-8.471004891490457e-09,-2.6842284698880253e-09,3.9250708672153125e-09,-1.5206982592153326e-09,2.8293957406457225e-08,1.8020666283991373e-07,0.03267045197770168,45,True
