config_label,model,iteration,method,U,relative_sector_y_difference,relative_sector_Bx_difference
reference,scalar,4,linear_all,0.0,0.0,2.3925987739065505e-07
reference,scalar,4,linear_all,0.0025,8.092530340323617e-05,6.031531661818017e-07
reference,scalar,4,linear_all,0.005,6.9336821153814365e-06,3.246933684312177e-07
reference,scalar,4,linear_all,0.0075,9.131216846525087e-06,2.174537740635395e-07
reference,scalar,4,linear_all,0.01,3.4828206642080892e-06,1.360599381095276e-07
reference,scalar,4,linear_all,0.015,3.3030487849655823e-06,1.848979881616164e-07
reference,scalar,4,linear_all,0.02,4.012351277084696e-06,1.422395278689628e-07
reference,scalar,4,linear_all,0.03,5.766700666023256e-06,6.509174209970331e-08
reference,scalar,4,linear_all,0.05,8.299688419262953e-07,1.523384886216672e-07
reference,scalar,4,linear_all,0.075,1.200900202693543e-06,8.2482579455746e-08
reference,scalar,4,linear_all,0.1,1.4768997283421594e-05,9.372988381182485e-08
reference,scalar,4,linear_drop_largest,0.0,0.0,2.870772837902864e-07
reference,scalar,4,linear_drop_largest,0.0025,0.00028753672632116165,7.507318220501798e-07
reference,scalar,4,linear_drop_largest,0.005,4.289947721296743e-06,4.172892065122725e-07
reference,scalar,4,linear_drop_largest,0.0075,1.4678050598072198e-05,2.6066557832109554e-07
reference,scalar,4,linear_drop_largest,0.01,8.52991091981006e-06,1.6595705461508766e-07
reference,scalar,4,linear_drop_largest,0.015,2.8609909804215926e-06,2.2750487993133995e-07
reference,scalar,4,linear_drop_largest,0.02,5.186818586110112e-06,1.770848544578936e-07
reference,scalar,4,linear_drop_largest,0.03,6.303057303650566e-06,7.032219763443273e-08
reference,scalar,4,linear_drop_largest,0.05,8.675230012850914e-07,1.8056566259912612e-07
reference,scalar,4,linear_drop_largest,0.075,2.916571067648796e-06,1.0478770525107474e-07
reference,scalar,4,linear_drop_largest,0.1,1.2444667438109214e-05,1.2179212931601981e-07
reference,scalar,4,linear_small3,0.0,0.0,3.972974162323149e-07
reference,scalar,4,linear_small3,0.0025,0.0006886584502246785,1.0758956489356724e-06
reference,scalar,4,linear_small3,0.005,1.2443059551136618e-05,6.327028047069735e-07
reference,scalar,4,linear_small3,0.0075,7.745374184728425e-06,2.9678111475004985e-07
reference,scalar,4,linear_small3,0.01,1.0460703322694722e-05,1.3498116791913669e-07
reference,scalar,4,linear_small3,0.015,4.633620468112807e-06,3.2287216121794924e-07
reference,scalar,4,linear_small3,0.02,6.643144275197662e-06,2.723603753380043e-07
reference,scalar,4,linear_small3,0.03,1.2247986289637059e-05,9.814932191976961e-08
reference,scalar,4,linear_small3,0.05,4.434208214693271e-06,2.2955877443972778e-07
reference,scalar,4,linear_small3,0.075,4.925195619494187e-06,1.7751033979001203e-07
reference,scalar,4,linear_small3,0.1,4.2614956205391386e-06,2.1190022059155872e-07
reference,scalar,4,quadratic_all,0.0,0.0,4.010096969345411e-07
reference,scalar,4,quadratic_all,0.0025,0.0005357514294957852,1.0896206905725996e-06
reference,scalar,4,quadratic_all,0.005,4.657423607962263e-06,6.312292315288313e-07
reference,scalar,4,quadratic_all,0.0075,2.0953766315523584e-05,3.290930763213074e-07
reference,scalar,4,quadratic_all,0.01,1.5433633178490724e-05,1.823996238324519e-07
reference,scalar,4,quadratic_all,0.015,1.2428076370194572e-06,3.411273812564215e-07
reference,scalar,4,quadratic_all,0.02,8.62113561845905e-06,2.9219978063957444e-07
reference,scalar,4,quadratic_all,0.03,1.0205292240734457e-05,9.072047159807045e-08
reference,scalar,4,quadratic_all,0.05,2.6756873563036668e-06,2.3800174435561483e-07
reference,scalar,4,quadratic_all,0.075,3.987738403474132e-06,1.6986006210316557e-07
reference,scalar,4,quadratic_all,0.1,5.970349765511697e-06,2.0845955929197283e-07
reference,scalar,4,quadratic_small4,0.0,0.0,5.074609480170806e-07
reference,scalar,4,quadratic_small4,0.0025,0.0002949823795433807,1.3935863195577546e-06
reference,scalar,4,quadratic_small4,0.005,0.0001971967465523465,8.238431382891373e-07
reference,scalar,4,quadratic_small4,0.0075,6.0264864038495306e-06,3.4150904123997275e-07
reference,scalar,4,quadratic_small4,0.01,2.0398570978790436e-05,1.271878319460345e-07
reference,scalar,4,quadratic_small4,0.015,3.538213084241183e-06,4.748402010063333e-07
reference,scalar,4,quadratic_small4,0.02,8.542301074538668e-06,4.468980088466743e-07
reference,scalar,4,quadratic_small4,0.03,1.9167835071269463e-05,1.2244140933437494e-07
reference,scalar,4,quadratic_small4,0.05,2.652166956110593e-05,2.820647153148324e-07
reference,scalar,4,quadratic_small4,0.075,6.455096078041666e-06,2.481649588236486e-07
reference,scalar,4,quadratic_small4,0.1,2.4425716934697753e-06,3.190202802093944e-07
reference,scalar,5,linear_all,0.0,0.0,1.6444114764746856e-05
reference,scalar,5,linear_all,0.0025,1.7493690616716128e-05,1.0069245169673119e-07
reference,scalar,5,linear_all,0.005,5.388106147407916e-06,1.4206459526191215e-07
reference,scalar,5,linear_all,0.0075,4.009658682977193e-06,5.0077868362328763e-08
reference,scalar,5,linear_all,0.01,2.6419273744016216e-06,1.3665877122030646e-08
reference,scalar,5,linear_all,0.015,1.4337861304872748e-06,1.0087828126283438e-08
reference,scalar,5,linear_all,0.02,9.384575966161632e-07,6.1540898010629475e-09
reference,scalar,5,linear_all,0.03,5.250329933507804e-07,1.899256696974017e-09
reference,scalar,5,linear_all,0.05,2.918226303934552e-07,7.296091631717036e-10
reference,scalar,5,linear_all,0.075,0.005394902414520703,0.0010167658900436893
reference,scalar,5,linear_all,0.1,0.0011483271317837556,0.00022107372690831516
reference,scalar,5,linear_drop_largest,0.0,0.0,2.1405583343278144e-05
reference,scalar,5,linear_drop_largest,0.0025,2.815419704211435e-05,1.1771906913563365e-07
reference,scalar,5,linear_drop_largest,0.005,8.569977948544903e-05,6.84976590546256e-06
reference,scalar,5,linear_drop_largest,0.0075,6.226653370332224e-06,5.8429223601665814e-08
reference,scalar,5,linear_drop_largest,0.01,4.081992629731755e-06,1.6193049844915475e-08
reference,scalar,5,linear_drop_largest,0.015,2.2172783376284887e-06,1.1426796971769277e-08
reference,scalar,5,linear_drop_largest,0.02,1.467025726727191e-06,6.874218680660233e-09
reference,scalar,5,linear_drop_largest,0.03,8.303596799423739e-07,2.4455964297534087e-09
reference,scalar,5,linear_drop_largest,0.05,4.799253423496833e-07,9.027521839809694e-10
reference,scalar,5,linear_drop_largest,0.075,0.0034938412444451197,0.000493470357057169
reference,scalar,5,linear_drop_largest,0.1,0.0017674889068367283,0.0002391513641606663
reference,scalar,5,linear_small3,0.0,0.0,3.482409655349963e-05
reference,scalar,5,linear_small3,0.0025,5.537193585985308e-05,1.3440186298790042e-07
reference,scalar,5,linear_small3,0.005,1.943584968347905e-05,2.558847234988633e-08
reference,scalar,5,linear_small3,0.0075,1.104799849814422e-05,7.152490569420675e-08
reference,scalar,5,linear_small3,0.01,7.277179468412994e-06,2.3998316171745336e-08
reference,scalar,5,linear_small3,0.015,4.0245630014175656e-06,1.3832776817539356e-08
reference,scalar,5,linear_small3,0.02,2.790551014762861e-06,9.650712979523838e-09
reference,scalar,5,linear_small3,0.03,1.613267972010507e-06,3.799386701143942e-09
reference,scalar,5,linear_small3,0.05,1.0184983087703007e-06,1.5919740488620686e-09
reference,scalar,5,linear_small3,0.075,0.020386140015068426,0.0027018696173953427
reference,scalar,5,linear_small3,0.1,0.004073191093016753,0.0004231802611018398
reference,scalar,5,quadratic_all,0.0,0.0,3.5133684176437724e-05
reference,scalar,5,quadratic_all,0.0025,5.8452430834968296e-05,1.501775663310433e-07
reference,scalar,5,quadratic_all,0.005,0.00014200004104949067,9.563979719492861e-06
reference,scalar,5,quadratic_all,0.0075,1.1699289624291246e-05,7.529875961711854e-08
reference,scalar,5,quadratic_all,0.01,7.660147014453348e-06,2.4259235512326903e-08
reference,scalar,5,quadratic_all,0.015,4.203344210017599e-06,1.3908515880751641e-08
reference,scalar,5,quadratic_all,0.02,2.8865063740550456e-06,9.242403961710756e-09
reference,scalar,5,quadratic_all,0.03,1.672296488594e-06,3.883149194466698e-09
reference,scalar,5,quadratic_all,0.05,1.0579164814214417e-06,1.540167749657096e-09
reference,scalar,5,quadratic_all,0.075,0.011971689072602492,0.0015230832301034024
reference,scalar,5,quadratic_all,0.1,0.0036581629142907243,0.0001951550788388137
reference,scalar,5,quadratic_small4,0.0,0.0,5.159202840352543e-05
reference,scalar,5,quadratic_small4,0.0025,0.00010010789334322079,1.7373444305584343e-07
reference,scalar,5,quadratic_small4,0.005,4.714277336125618e-05,4.322495392365195e-06
reference,scalar,5,quadratic_small4,0.0075,1.797323540544874e-05,8.857429936096944e-08
reference,scalar,5,quadratic_small4,0.01,1.1958470255542229e-05,3.4677700040588136e-08
reference,scalar,5,quadratic_small4,0.015,6.725084895342988e-06,1.5680628068107458e-08
reference,scalar,5,quadratic_small4,0.02,4.861522177354496e-06,1.2346034421815657e-08
reference,scalar,5,quadratic_small4,0.03,2.8784374131595424e-06,5.42572308110859e-09
reference,scalar,5,quadratic_small4,0.05,1.996086989210416e-06,2.574189209850796e-09
reference,scalar,5,quadratic_small4,0.075,0.049586748748031484,0.004597218060183139
reference,scalar,5,quadratic_small4,0.1,0.013139814880346752,0.0008485093567746435
reference,scalar,6,linear_all,0.0,0.0,5.574872263754177e-06
reference,scalar,6,linear_all,0.0025,0.0033777404229582315,1.2652872478951238e-08
reference,scalar,6,linear_all,0.005,0.0014375386808210512,2.7857501593780704e-08
reference,scalar,6,linear_all,0.0075,0.0007090507264655987,5.3053029076222865e-09
reference,scalar,6,linear_all,0.01,0.0004332334401038394,3.518944770242658e-09
reference,scalar,6,linear_all,0.015,0.0001869993375411869,2.898835967467135e-09
reference,scalar,6,linear_all,0.02,9.410343965659824e-05,1.7155399911121634e-09
reference,scalar,6,linear_all,0.03,0.000669962088254405,4.022143781947348e-05
reference,scalar,6,linear_all,0.05,8.660531923784224e-05,1.5078950834553137e-05
reference,scalar,6,linear_all,0.075,0.0006516255836750737,5.848167300775899e-05
reference,scalar,6,linear_all,0.1,3.412192745118979e-05,3.1835196907045228e-06
reference,scalar,6,linear_drop_largest,0.0,0.0,6.790951992034091e-06
reference,scalar,6,linear_drop_largest,0.0025,0.005695826277755318,1.6759273060724234e-08
reference,scalar,6,linear_drop_largest,0.005,0.0010234099724519424,1.2882863903472818e-06
reference,scalar,6,linear_drop_largest,0.0075,0.0012919597803263514,6.6388297698081395e-09
reference,scalar,6,linear_drop_largest,0.01,0.0008224192516636155,4.719949032896785e-09
reference,scalar,6,linear_drop_largest,0.015,0.0003549422288725333,3.3779006972382457e-09
reference,scalar,6,linear_drop_largest,0.02,0.00018132490461677777,2.196618704607037e-09
reference,scalar,6,linear_drop_largest,0.03,0.0014078107267357387,5.0333919125007306e-05
reference,scalar,6,linear_drop_largest,0.05,0.0005411681553600973,2.351110959021452e-05
reference,scalar,6,linear_drop_largest,0.1,5.660450075262645e-05,3.0153043584205147e-06
reference,scalar,6,linear_small3,0.0,0.0,9.514560871311823e-06
reference,scalar,6,linear_small3,0.0025,0.00930787918883261,2.468598273192243e-08
reference,scalar,6,linear_small3,0.005,0.005223746480830004,1.2259976558123842e-08
reference,scalar,6,linear_small3,0.0075,0.0035949314318147936,8.235177861429494e-09
reference,scalar,6,linear_small3,0.01,0.002344843659734075,8.885276783348267e-09
reference,scalar,6,linear_small3,0.015,0.001001282817360796,4.771351247032746e-09
reference,scalar,6,linear_small3,0.02,0.0005120027594494547,3.564002041130195e-09
reference,scalar,6,linear_small3,0.03,0.004557864383072435,7.55149630059504e-05
reference,scalar,6,linear_small3,0.05,0.0009857114663261535,2.3284993086860656e-05
reference,scalar,6,linear_small3,0.075,0.0008630650455459581,4.314014475918371e-05
reference,scalar,6,linear_small3,0.1,0.0002070096382355093,5.924287934867019e-06
reference,scalar,6,quadratic_all,0.0,0.0,9.649332758338022e-06
reference,scalar,6,quadratic_all,0.0025,0.012747072468288784,2.5210249556275205e-08
reference,scalar,6,quadratic_all,0.005,0.008227017122042424,1.978753981664103e-06
reference,scalar,6,quadratic_all,0.0075,0.007558267860063632,8.942048925207087e-09
reference,scalar,6,quadratic_all,0.01,0.008270329168639344,8.562553137598812e-09
reference,scalar,6,quadratic_all,0.015,0.0037696799872926866,4.720413851254464e-09
reference,scalar,6,quadratic_all,0.02,0.0022473920463946953,3.4992842586650123e-09
reference,scalar,6,quadratic_all,0.03,0.01984546143432907,7.738911038463579e-05
reference,scalar,6,quadratic_all,0.05,0.004775520246959146,3.721233859272023e-05
reference,scalar,6,quadratic_all,0.075,0.0024983400705337866,6.942725778955743e-05
reference,scalar,6,quadratic_all,0.1,0.00010952661021749904,2.128913254557177e-06
reference,scalar,6,quadratic_small4,0.0,0.0,1.2262621552707478e-05
reference,scalar,6,quadratic_small4,0.0025,0.010854430268697922,3.2096295100741364e-08
reference,scalar,6,quadratic_small4,0.005,0.01185047769130252,9.6433244458059e-07
reference,scalar,6,quadratic_small4,0.0075,0.01839212596168538,9.811158291028783e-09
reference,scalar,6,quadratic_small4,0.01,0.016997376219259445,1.3628486368266333e-08
reference,scalar,6,quadratic_small4,0.015,0.01003873619248894,6.336656654511588e-09
reference,scalar,6,quadratic_small4,0.02,0.0038881147086577404,5.069784861491647e-09
reference,scalar,6,quadratic_small4,0.03,0.05594210848903551,0.00010699110042305475
reference,scalar,6,quadratic_small4,0.05,0.01235939096745216,4.2409252832917004e-05
reference,scalar,6,quadratic_small4,0.1,0.001293472672531395,1.154892371891784e-05
