iteration,scale,kept,ground_charge,charge,ordinal,energy_real,energy_imag,energy_abs,max_residual,biorth_error,min_pair_overlap
0,0.7853981633974483,16,2,2,0,0.0,0.0,0.0,4.3231804253128994e-15,6.794885438741623e-13,0.0009999995555567535
0,0.7853981633974483,16,2,3,0,0.21850991173099193,-0.002001416385481438,0.2185190774102663,4.3231804253128994e-15,6.794885438741623e-13,0.0009999995555567535
0,0.7853981633974483,16,2,1,0,0.218509911730995,-0.0020014163854838525,0.21851907741026938,4.3231804253128994e-15,6.794885438741623e-13,0.0009999995555567535
0,0.7853981633974483,16,2,1,1,0.2225517889491366,0.002038437978508028,0.22256112417458102,4.3231804253128994e-15,6.794885438741623e-13,0.0009999995555567535
0,0.7853981633974483,16,2,3,1,0.2225517889491387,0.0020384379785056504,0.2225611241745831,4.3231804253128994e-15,6.794885438741623e-13,0.0009999995555567535
0,0.7853981633974483,16,2,2,1,0.43624073581688594,-0.003988442443372925,0.4362589681131864,4.3231804253128994e-15,6.794885438741623e-13,0.0009999995555567535
0,0.7853981633974483,16,2,2,2,0.4402680796721089,3.715332478367018e-5,0.4402680812397555,4.3231804253128994e-15,6.794885438741623e-13,0.0009999995555567535
0,0.7853981633974483,16,2,0,0,0.44185962892619485,3.6888066597788316e-5,0.44185963046597054,4.3231804253128994e-15,6.794885438741623e-13,0.0009999995555567535
0,0.7853981633974483,16,2,4,0,0.44185962892619485,3.6888066597788316e-5,0.44185963046597054,4.3231804253128994e-15,6.794885438741623e-13,0.0009999995555567535
0,0.7853981633974483,16,2,2,3,0.44185962892619485,3.68880665977907e-5,0.44185963046597054,4.3231804253128994e-15,6.794885438741623e-13,0.0009999995555567535
0,0.7853981633974483,16,2,2,4,0.44429542317367215,0.004062218576569556,0.4443139933344844,4.3231804253128994e-15,6.794885438741623e-13,0.0009999995555567535
0,0.7853981633974483,16,2,3,2,0.6595904530120855,-0.0019501379912929154,0.6595933358842199,4.3231804253128994e-15,6.794885438741623e-13,0.0009999995555567535
0,0.7853981633974483,16,2,1,2,0.6595904530120863,-0.001950137991294101,0.6595933358842206,4.3231804253128994e-15,6.794885438741623e-13,0.0009999995555567535
0,0.7853981633974483,16,2,1,3,0.6636032631507242,0.002060668664661061,0.6636064626114145,4.3231804253128994e-15,6.794885438741623e-13,0.0009999995555567535
0,0.7853981633974483,16,2,3,3,0.6636032631507254,0.0020606686646598843,0.6636064626114158,4.3231804253128994e-15,6.794885438741623e-13,0.0009999995555567535
0,0.7853981633974483,16,2,2,5,0.8821277082446313,7.351087500869559e-5,0.882127711307594,4.3231804253128994e-15,6.794885438741623e-13,0.0009999995555567535
1,0.4534498410585544,64,3,3,0,0.0,0.0,0.0,1.127723255282727e-13,2.633171706331973e-10,0.04469900725374204
1,0.4534498410585544,64,3,2,0,0.008623172511842192,0.006341161903739331,0.010703711433817048,1.127723255282727e-13,2.633171706331973e-10,0.04469900725374204
1,0.4534498410585544,64,3,4,0,0.008623172511851296,0.006341161903754362,0.010703711433833286,1.127723255282727e-13,2.633171706331973e-10,0.04469900725374204
1,0.4534498410585544,64,3,3,1,0.012688929484167888,0.012682460564305637,0.01794028253454646,1.127723255282727e-13,2.633171706331973e-10,0.04469900725374204
1,0.4534498410585544,64,3,4,1,1.2671107424434793,-0.00031230503784299927,1.2671107809304212,1.127723255282727e-13,2.633171706331973e-10,0.04469900725374204
1,0.4534498410585544,64,3,2,1,1.2671107424434842,-0.00031230503787060566,1.267110780930426,1.127723255282727e-13,2.633171706331973e-10,0.04469900725374204
1,0.4534498410585544,64,3,2,2,1.2679699190811187,0.0003232882447942141,1.2679699602947492,1.127723255282727e-13,2.633171706331973e-10,0.04469900725374204
1,0.4534498410585544,64,3,4,2,1.2679699190813185,0.0003232882448952045,1.267969960294949,1.127723255282727e-13,2.633171706331973e-10,0.04469900725374204
1,0.4534498410585544,64,3,3,2,1.2755087673970977,0.006031158158913183,1.2755230262820039,1.127723255282727e-13,2.633171706331973e-10,0.04469900725374204
1,0.4534498410585544,64,3,3,3,1.2759591805759076,0.006026552561158183,1.2759734126664686,1.127723255282727e-13,2.633171706331973e-10,0.04469900725374204
1,0.4534498410585544,64,3,5,0,1.2759591805759116,0.006026552561158562,1.2759734126664726,1.127723255282727e-13,2.633171706331973e-10,0.04469900725374204
1,0.4534498410585544,64,3,1,0,1.275959180575915,0.0060265525611642445,1.275973412666476,1.127723255282727e-13,2.633171706331973e-10,0.04469900725374204
1,0.4534498410585544,64,3,3,4,1.2761354324003564,0.006657572339504353,1.2761527984912702,1.127723255282727e-13,2.633171706331973e-10,0.04469900725374204
1,0.4534498410585544,64,3,5,1,1.276595183040278,0.006662300939432278,1.276612567545631,1.127723255282727e-13,2.633171706331973e-10,0.04469900725374204
1,0.4534498410585544,64,3,1,1,1.2765951830402826,0.006662300939423338,1.2766125675456357,1.127723255282727e-13,2.633171706331973e-10,0.04469900725374204
1,0.4534498410585544,64,3,3,5,1.276595183040286,0.006662300939428156,1.276612567545639,1.127723255282727e-13,2.633171706331973e-10,0.04469900725374204
1,0.4534498410585544,64,3,4,3,1.2800271503244578,0.012365702026825881,1.2800868783619213,1.127723255282727e-13,2.633171706331973e-10,0.04469900725374204
1,0.4534498410585544,64,3,2,3,1.2800271503246625,0.012365702026930346,1.280086878362127,1.127723255282727e-13,2.633171706331973e-10,0.04469900725374204
1,0.4534498410585544,64,3,2,4,1.2804310025622292,0.013001233706313394,1.2804970067908794,1.127723255282727e-13,2.633171706331973e-10,0.04469900725374204
1,0.4534498410585544,64,3,4,4,1.2804310025622454,0.013001233706305994,1.2804970067908956,1.127723255282727e-13,2.633171706331973e-10,0.04469900725374204
1,0.4534498410585544,64,3,3,6,2.534210415716127,-0.0006243843322108027,2.534210492634718,1.127723255282727e-13,2.633171706331973e-10,0.04469900725374204
1,0.4534498410585544,64,3,3,7,2.535067149631525,1.3048491325629366e-5,2.5350671496651067,1.127723255282727e-13,2.633171706331973e-10,0.04469900725374204
1,0.4534498410585544,64,3,1,2,2.5350941859313143,8.835029297824155e-6,2.5350941859467095,1.127723255282727e-13,2.633171706331973e-10,0.04469900725374204
1,0.4534498410585544,64,3,3,8,2.5350941859313147,8.835029297393944e-6,2.53509418594671,1.127723255282727e-13,2.633171706331973e-10,0.04469900725374204
1,0.4534498410585544,64,3,5,2,2.5350941859313174,8.835029299740157e-6,2.5350941859467127,1.127723255282727e-13,2.633171706331973e-10,0.04469900725374204
1,0.4534498410585544,64,3,3,9,2.535928183114387,0.0006464157335055454,2.5359282655010444,1.127723255282727e-13,2.633171706331973e-10,0.04469900725374204
1,0.4534498410585544,64,3,4,5,2.5430588538485486,0.005714473266804065,2.5430652742983635,1.127723255282727e-13,2.633171706331973e-10,0.04469900725374204
1,0.4534498410585544,64,3,2,5,2.5430588538485663,0.005714473266816915,2.5430652742983813,1.127723255282727e-13,2.633171706331973e-10,0.04469900725374204
1,0.4534498410585544,64,3,4,6,2.5432598192397764,0.006347524783880309,2.5432677403746586,1.127723255282727e-13,2.633171706331973e-10,0.04469900725374204
1,0.4534498410585544,64,3,2,6,2.54325981923978,0.006347524783885419,2.543267740374662,1.127723255282727e-13,2.633171706331973e-10,0.04469900725374204
1,0.4534498410585544,64,3,2,7,2.543692288943417,0.006347735396703225,2.5437002092571492,1.127723255282727e-13,2.633171706331973e-10,0.04469900725374204
1,0.4534498410585544,64,3,4,7,2.5436922889434332,0.006347735396712888,2.5437002092571657,1.127723255282727e-13,2.633171706331973e-10,0.04469900725374204
1,0.4534498410585544,64,3,2,8,2.54394262406375,0.00634769262831981,2.5439505434913747,1.127723255282727e-13,2.633171706331973e-10,0.04469900725374204
1,0.4534498410585544,64,3,4,8,2.5439426240637504,0.0063476926283195555,2.543950543491375,1.127723255282727e-13,2.633171706331973e-10,0.04469900725374204
1,0.4534498410585544,64,3,0,0,2.5439426240637504,0.006347692628320021,2.543950543491375,1.127723255282727e-13,2.633171706331973e-10,0.04469900725374204
1,0.4534498410585544,64,3,6,0,2.5439426240637504,0.006347692628320021,2.543950543491375,1.127723255282727e-13,2.633171706331973e-10,0.04469900725374204
1,0.4534498410585544,64,3,4,9,2.544325723935194,0.006980836821949138,2.5443353005374676,1.127723255282727e-13,2.633171706331973e-10,0.04469900725374204
1,0.4534498410585544,64,3,2,9,2.5443257239351995,0.006980836821951443,2.544335300537473,1.127723255282727e-13,2.633171706331973e-10,0.04469900725374204
1,0.4534498410585544,64,3,3,10,2.5473541822453245,0.01204925501348689,2.5473826792119643,1.127723255282727e-13,2.633171706331973e-10,0.04469900725374204
1,0.4534498410585544,64,3,3,11,2.5477600129062887,0.012682245382984575,2.547791577565207,1.127723255282727e-13,2.633171706331973e-10,0.04469900725374204
1,0.4534498410585544,64,3,5,3,2.547778443585708,0.012686625395209867,2.547810029822461,1.127723255282727e-13,2.633171706331973e-10,0.04469900725374204
1,0.4534498410585544,64,3,3,12,2.547778443585709,0.012686625395211712,2.5478100298224624,1.127723255282727e-13,2.633171706331973e-10,0.04469900725374204
1,0.4534498410585544,64,3,1,3,2.5477784435857105,0.01268662539521138,2.5478100298224637,1.127723255282727e-13,2.633171706331973e-10,0.04469900725374204
1,0.4534498410585544,64,3,3,13,2.5481615434571623,0.013319769588847515,2.548196355820306,1.127723255282727e-13,2.633171706331973e-10,0.04469900725374204
1,0.4534498410585544,64,3,2,10,3.8021938592039524,-0.0003032442650463445,3.8021938712965873,1.127723255282727e-13,2.633171706331973e-10,0.04469900725374204
1,0.4534498410585544,64,3,4,10,3.8021938592039684,-0.00030324426505959,3.8021938712966032,1.127723255282727e-13,2.633171706331973e-10,0.04469900725374204
1,0.4534498410585544,64,3,2,11,3.8030524498976552,0.00033188115858079955,3.8030524643787995,1.127723255282727e-13,2.633171706331973e-10,0.04469900725374204
1,0.4534498410585544,64,3,4,11,3.803052449897866,0.0003318811586678792,3.8030524643790105,1.127723255282727e-13,2.633171706331973e-10,0.04469900725374204
1,0.4534498410585544,64,3,3,14,3.8105823044635523,0.006030884963219795,3.810587076903531,1.127723255282727e-13,2.633171706331973e-10,0.04469900725374204
1,0.4534498410585544,64,3,5,4,3.811042297336397,0.006035613333978475,3.8110470766858024,1.127723255282727e-13,2.633171706331973e-10,0.04469900725374204
1,0.4534498410585544,64,3,3,15,3.8110422973364013,0.006035613333970939,3.8110470766858064,1.127723255282727e-13,2.633171706331973e-10,0.04469900725374204
1,0.4534498410585544,64,3,1,4,3.8110422973364058,0.006035613333972456,3.811047076685811,1.127723255282727e-13,2.633171706331973e-10,0.04469900725374204
1,0.4534498410585544,64,3,3,16,3.811222509031417,0.006670833822306581,3.8112283470518546,1.127723255282727e-13,2.633171706331973e-10,0.04469900725374204
1,0.4534498410585544,64,3,1,5,3.8116731649586577,0.0066662285108549805,3.811678994231874,1.127723255282727e-13,2.633171706331973e-10,0.04469900725374204
1,0.4534498410585544,64,3,3,17,3.8116731649586586,0.006666228510853599,3.8116789942318747,1.127723255282727e-13,2.633171706331973e-10,0.04469900725374204
1,0.4534498410585544,64,3,5,5,3.8116731649586684,0.006666228510843351,3.8116789942318845,1.127723255282727e-13,2.633171706331973e-10,0.04469900725374204
1,0.4534498410585544,64,3,4,12,3.8151054756960754,0.012370097281481474,3.815125530043924,1.127723255282727e-13,2.633171706331973e-10,0.04469900725374204
1,0.4534498410585544,64,3,2,12,3.8151054756962934,0.012370097281581942,3.8151255300441425,1.127723255282727e-13,2.633171706331973e-10,0.04469900725374204
1,0.4534498410585544,64,3,4,13,3.8155089844806285,0.013005161277760479,3.815531148460494,1.127723255282727e-13,2.633171706331973e-10,0.04469900725374204
1,0.4534498410585544,64,3,2,13,3.8155089844806414,0.013005161277747469,3.815531148460507,1.127723255282727e-13,2.633171706331973e-10,0.04469900725374204
1,0.4534498410585544,64,3,3,18,5.070165634995538,1.765522191024549e-5,5.070165635026277,1.127723255282727e-13,2.633171706331973e-10,0.04469900725374204
1,0.4534498410585544,64,3,4,14,5.078784138906784,0.0063541502303431216,5.078788113796072,1.127723255282727e-13,2.633171706331973e-10,0.04469900725374204
1,0.4534498410585544,64,3,2,14,5.078784138906785,0.00635415023035149,5.078788113796074,1.127723255282727e-13,2.633171706331973e-10,0.04469900725374204
1,0.4534498410585544,64,3,3,19,5.082845227278474,0.012690781848379379,5.082861070343305,1.127723255282727e-13,2.633171706331973e-10,0.04469900725374204
2,0.2617993877991494,256,4,4,0,0.0,0.0,0.0,3.764946670652496e-13,1.7422930298642012e-9,0.04469900725388314
2,0.2617993877991494,256,4,3,0,0.2730975093925907,-0.005583433523678226,0.2731545796181157,3.764946670652496e-13,1.7422930298642012e-9,0.04469900725388314
2,0.2617993877991494,256,4,5,0,0.2730975093936614,-0.005583433524873052,0.2731545796192106,3.764946670652496e-13,1.7422930298642012e-9,0.04469900725388314
2,0.2617993877991494,256,4,5,1,0.28450252837456436,0.0058157419014656896,0.2845619642632941,3.764946670652496e-13,1.7422930298642012e-9,0.04469900725388314
2,0.2617993877991494,256,4,3,1,0.28450252837601897,0.005815741900758148,0.28456196426473396,3.764946670652496e-13,1.7422930298642012e-9,0.04469900725388314
2,0.2617993877991494,256,4,4,1,0.5441968353317181,-0.011083907569537753,0.5443096991530347,3.764946670652496e-13,1.7422930298642012e-9,0.04469900725388314
2,0.2617993877991494,256,4,4,2,0.5555170848340185,0.00023403567542517982,0.5555171341328577,3.764946670652496e-13,1.7422930298642012e-9,0.04469900725388314
2,0.2617993877991494,256,4,6,0,0.5597065575486896,0.00023053192315850186,0.559706605024429,3.764946670652496e-13,1.7422930298642012e-9,0.04469900725388314
2,0.2617993877991494,256,4,2,0,0.5597065575487019,0.00023053192314460152,0.5597066050244414,3.764946670652496e-13,1.7422930298642012e-9,0.04469900725388314
2,0.2617993877991494,256,4,4,3,0.5597065575487181,0.0002305319232254275,0.5597066050244576,3.764946670652496e-13,1.7422930298642012e-9,0.04469900725388314
2,0.2617993877991494,256,4,4,4,0.5668373251116132,0.011545126288201701,0.5669548862834672,3.764946670652496e-13,1.7422930298642012e-9,0.04469900725388314
2,0.2617993877991494,256,4,3,2,0.8308058533933709,-0.005269941405505714,0.830822567288049,3.764946670652496e-13,1.7422930298642012e-9,0.04469900725388314
2,0.2617993877991494,256,4,5,2,0.8308058533961185,-0.005269941407062072,0.8308225672908064,3.764946670652496e-13,1.7422930298642012e-9,0.04469900725388314
2,0.2617993877991494,256,4,5,3,0.8420413227165682,0.005959915550695791,0.8420624144062239,3.764946670652496e-13,1.7422930298642012e-9,0.04469900725388314
2,0.2617993877991494,256,4,3,3,0.8420413227177996,0.005959915550346275,0.8420624144074529,3.764946670652496e-13,1.7422930298642012e-9,0.04469900725388314
2,0.2617993877991494,256,4,4,5,1.115223509837291,0.00045771487850358207,1.1152236037659515,3.764946670652496e-13,1.7422930298642012e-9,0.04469900725388314
2,0.2617993877991494,256,4,5,4,2.4009188606124576,-0.00038131652603468937,2.4009188908930086,3.764946670652496e-13,1.7422930298642012e-9,0.04469900725388314
2,0.2617993877991494,256,4,3,4,2.400918860620288,-0.0003813165315557556,2.4009188909008397,3.764946670652496e-13,1.7422930298642012e-9,0.04469900725388314
2,0.2617993877991494,256,4,5,5,2.4016893518266613,0.00038885588437652906,2.4016893833063566,3.764946670652496e-13,1.7422930298642012e-9,0.04469900725388314
2,0.2617993877991494,256,4,3,5,2.4016893518355964,0.000388855882350889,2.4016893833152912,3.764946670652496e-13,1.7422930298642012e-9,0.04469900725388314
2,0.2617993877991494,256,4,4,6,2.673743005235126,-0.005956420459069321,2.6737496399230145,3.764946670652496e-13,1.7422930298642012e-9,0.04469900725388314
2,0.2617993877991494,256,4,2,1,2.67401531257278,-0.0059647153324709065,2.674021965074838,3.764946670652496e-13,1.7422930298642012e-9,0.04469900725388314
2,0.2617993877991494,256,4,6,1,2.674015312572784,-0.005964715332462189,2.674021965074842,3.764946670652496e-13,1.7422930298642012e-9,0.04469900725388314
2,0.2617993877991494,256,4,4,7,2.674015312572785,-0.005964715332465728,2.674021965074843,3.764946670652496e-13,1.7422930298642012e-9,0.04469900725388314
2,0.2617993877991494,256,4,4,8,2.6746481040828813,-0.0051921026923785005,2.6746531436065726,3.764946670652496e-13,1.7422930298642012e-9,0.04469900725388314
2,0.2617993877991494,256,4,2,2,2.674925949274425,-0.00519516634051501,2.6749309942230264,3.764946670652496e-13,1.7422930298642012e-9,0.04469900725388314
2,0.2617993877991494,256,4,4,9,2.674925949274678,-0.005195166340760096,2.67493099422328,3.764946670652496e-13,1.7422930298642012e-9,0.04469900725388314
2,0.2617993877991494,256,4,6,2,2.674925949274904,-0.005195166340873936,2.6749309942235064,3.764946670652496e-13,1.7422930298642012e-9,0.04469900725388314
2,0.2617993877991494,256,4,4,10,2.685281570680665,0.005432019931544366,2.6852870648550327,3.764946670652496e-13,1.7422930298642012e-9,0.04469900725388314
2,0.2617993877991494,256,4,6,3,2.685565410280968,0.005434937899416459,2.68557090977832,3.764946670652496e-13,1.7422930298642012e-9,0.04469900725388314
2,0.2617993877991494,256,4,4,11,2.6855654102813378,0.005434937899600426,2.6855709097786904,3.764946670652496e-13,1.7422930298642012e-9,0.04469900725388314
2,0.2617993877991494,256,4,2,3,2.6855654102815887,0.0054349378991082435,2.6855709097789404,3.764946670652496e-13,1.7422930298642012e-9,0.04469900725388314
2,0.2617993877991494,256,4,4,12,2.685901544044135,0.006195970274968848,2.6859086906196787,3.764946670652496e-13,1.7422930298642012e-9,0.04469900725388314
2,0.2617993877991494,256,4,2,4,2.6861907544511467,0.006204564405540902,2.6861979200941772,3.764946670652496e-13,1.7422930298642012e-9,0.04469900725388314
2,0.2617993877991494,256,4,4,13,2.686190754451159,0.006204564405535951,2.6861979200941897,3.764946670652496e-13,1.7422930298642012e-9,0.04469900725388314
2,0.2617993877991494,256,4,6,4,2.6861907544511676,0.006204564405533422,2.686197920094198,3.764946670652496e-13,1.7422930298642012e-9,0.04469900725388314
2,0.2617993877991494,256,4,3,6,2.944978496561177,-0.011461041620453019,2.9450007980784583,3.764946670652496e-13,1.7422930298642012e-9,0.04469900725388314
2,0.2617993877991494,256,4,5,6,2.9449784965611796,-0.011461041620398862,2.9450007980784605,3.764946670652496e-13,1.7422930298642012e-9,0.04469900725388314
2,0.2617993877991494,256,4,3,7,2.946024393568236,-0.010694674044577081,2.94604380543671,3.764946670652496e-13,1.7422930298642012e-9,0.04469900725388314
2,0.2617993877991494,256,4,5,7,2.946024393583227,-0.010694674059700517,2.946043805451756,3.764946670652496e-13,1.7422930298642012e-9,0.04469900725388314
2,0.2617993877991494,256,4,5,8,2.956440852458345,-0.0001463479462710006,2.9564408560805586,3.764946670652496e-13,1.7422930298642012e-9,0.04469900725388314
2,0.2617993877991494,256,4,3,8,2.9564408524658727,-0.00014634795413675378,2.956440856088087,3.764946670652496e-13,1.7422930298642012e-9,0.04469900725388314
2,0.2617993877991494,256,4,5,9,2.9572016877060086,0.0006217684901466038,2.9572017530711903,3.764946670652496e-13,1.7422930298642012e-9,0.04469900725388314
2,0.2617993877991494,256,4,3,9,2.9572016877315166,0.0006217684871324541,2.9572017530966974,3.764946670652496e-13,1.7422930298642012e-9,0.04469900725388314
2,0.2617993877991494,256,4,3,10,2.9603481547301893,-0.00014523476146346276,2.9603481582928,3.764946670652496e-13,1.7422930298642012e-9,0.04469900725388314
2,0.2617993877991494,256,4,5,10,2.9603481547331123,-0.00014523476111953822,2.960348158295723,3.764946670652496e-13,1.7422930298642012e-9,0.04469900725388314
2,0.2617993877991494,256,4,5,11,2.960768493665772,-0.00014931544583910057,2.960768497430859,3.764946670652496e-13,1.7422930298642012e-9,0.04469900725388314
2,0.2617993877991494,256,4,3,11,2.9607684936657743,-0.00014931544583358762,2.9607684974308612,3.764946670652496e-13,1.7422930298642012e-9,0.04469900725388314
2,0.2617993877991494,256,4,7,0,2.9607684936657828,-0.00014931544583698247,2.9607684974308697,3.764946670652496e-13,1.7422930298642012e-9,0.04469900725388314
2,0.2617993877991494,256,4,1,0,2.9607684936657845,-0.0001493154458290305,2.9607684974308714,3.764946670652496e-13,1.7422930298642012e-9,0.04469900725388314
2,0.2617993877991494,256,4,5,12,2.961107377718173,0.0006136786456392065,2.9611074413094967,3.764946670652496e-13,1.7422930298642012e-9,0.04469900725388314
2,0.2617993877991494,256,4,3,12,2.9611073777204866,0.0006136786463613441,2.9611074413118104,3.764946670652496e-13,1.7422930298642012e-9,0.04469900725388314
2,0.2617993877991494,256,4,7,1,2.961535965038298,0.0006178424561359471,2.961536029486156,3.764946670652496e-13,1.7422930298642012e-9,0.04469900725388314
2,0.2617993877991494,256,4,1,1,2.961535965038304,0.0006178424561201091,2.9615360294861617,3.764946670652496e-13,1.7422930298642012e-9,0.04469900725388314
2,0.2617993877991494,256,4,5,13,2.9615359650383053,0.0006178424561310032,2.961536029486163,3.764946670652496e-13,1.7422930298642012e-9,0.04469900725388314
2,0.2617993877991494,256,4,3,13,2.961535965038309,0.0006178424561241649,2.9615360294861666,3.764946670652496e-13,1.7422930298642012e-9,0.04469900725388314
2,0.2617993877991494,256,4,3,14,2.967901211332492,0.011163406886012701,2.9679222061708717,3.764946670652496e-13,1.7422930298642012e-9,0.04469900725388314
2,0.2617993877991494,256,4,5,14,2.9679012113841368,0.011163406878881735,2.9679222062224895,3.764946670652496e-13,1.7422930298642012e-9,0.04469900725388314
2,0.2617993877991494,256,4,3,15,2.9683809569273536,0.011929651268875834,2.9684049289186185,3.764946670652496e-13,1.7422930298642012e-9,0.04469900725388314
2,0.2617993877991494,256,4,5,15,2.968380956927386,0.011929651268851333,2.968404928918651,3.764946670652496e-13,1.7422930298642012e-9,0.04469900725388314
2,0.2617993877991494,256,4,4,14,3.231443473474153,-0.00564851091824815,3.231448410223238,3.764946670652496e-13,1.7422930298642012e-9,0.04469900725388314
2,0.2617993877991494,256,4,4,15,3.231731677654153,-0.005645641733804084,3.2317366089494226,3.764946670652496e-13,1.7422930298642012e-9,0.04469900725388314
2,0.2617993877991494,256,4,2,5,3.231731677654183,-0.00564564173380016,3.2317366089494524,3.764946670652496e-13,1.7422930298642012e-9,0.04469900725388314
2,0.2617993877991494,256,4,6,5,3.2317316776541842,-0.0056456417337994525,3.2317366089494537,3.764946670652496e-13,1.7422930298642012e-9,0.04469900725388314
2,0.2617993877991494,256,4,4,16,3.2323408390590376,-0.004890320226768901,3.2323445384242078,3.764946670652496e-13,1.7422930298642012e-9,0.04469900725388314
2,0.2617993877991494,256,4,2,6,3.2326343794137267,-0.004881690173309365,3.232638065398989,3.764946670652496e-13,1.7422930298642012e-9,0.04469900725388314
2,0.2617993877991494,256,4,4,17,3.2326343794144505,-0.004881690173149996,3.2326380653997124,3.764946670652496e-13,1.7422930298642012e-9,0.04469900725388314
2,0.2617993877991494,256,4,6,6,3.2326343794151016,-0.004881690173106693,3.2326380654003635,3.764946670652496e-13,1.7422930298642012e-9,0.04469900725388314
2,0.2617993877991494,256,4,4,18,3.242827712132958,0.0055874676030943995,3.242832525797731,3.764946670652496e-13,1.7422930298642012e-9,0.04469900725388314
2,0.2617993877991494,256,4,6,7,3.243104263008372,0.00557912747547374,3.2431090619044043,3.764946670652496e-13,1.7422930298642012e-9,0.04469900725388314
2,0.2617993877991494,256,4,4,19,3.243104263009225,0.0055791274760371365,3.243109061905258,3.764946670652496e-13,1.7422930298642012e-9,0.04469900725388314
2,0.2617993877991494,256,4,2,7,3.243104263009883,0.005579127475710585,3.2431090619059155,3.764946670652496e-13,1.7422930298642012e-9,0.04469900725388314
2,0.2617993877991494,256,4,4,20,3.2434438667734513,0.006345953339844147,3.2434500748484028,3.764946670652496e-13,1.7422930298642012e-9,0.04469900725388314
2,0.2617993877991494,256,4,2,8,3.2437261675145113,0.006342929319455969,3.2437323691344715,3.764946670652496e-13,1.7422930298642012e-9,0.04469900725388314
2,0.2617993877991494,256,4,4,21,3.2437261675145153,0.006342929319446494,3.2437323691344755,3.764946670652496e-13,1.7422930298642012e-9,0.04469900725388314
2,0.2617993877991494,256,4,6,8,3.2437261675145215,0.006342929319438289,3.2437323691344817,3.764946670652496e-13,1.7422930298642012e-9,0.04469900725388314
2,0.2617993877991494,256,4,5,16,3.5161483129737485,8.200541407561539e-5,3.5161483139300347,3.764946670652496e-13,1.7422930298642012e-9,0.04469900725388314
2,0.2617993877991494,256,4,3,16,3.5161483129764024,8.200541237678854e-5,3.5161483139326886,3.764946670652496e-13,1.7422930298642012e-9,0.04469900725388314
2,0.2617993877991494,256,4,5,17,3.516907355107699,0.0008407410174573506,3.516907455600174,3.764946670652496e-13,1.7422930298642012e-9,0.04469900725388314
2,0.2617993877991494,256,4,3,17,3.5169073551210492,0.0008407410146818103,3.5169074556135236,3.764946670652496e-13,1.7422930298642012e-9,0.04469900725388314
3,0.15114994701951814,320,5,5,0,0.0,0.0,0.0,1.2576716293130132e-12,7.865778330967336e-9,0.044699007253288195
3,0.15114994701951814,320,5,4,0,0.024241721278147832,0.018068878505164306,0.03023483786895167,1.2576716293130132e-12,7.865778330967336e-9,0.044699007253288195
3,0.15114994701951814,320,5,6,0,0.024241721279937067,0.018068878505531565,0.030234837870605727,1.2576716293130132e-12,7.865778330967336e-9,0.044699007253288195
3,0.15114994701951814,320,5,5,1,0.036158316803153845,0.03613901974743891,0.051121938757670536,1.2576716293130132e-12,7.865778330967336e-9,0.044699007253288195
3,0.15114994701951814,320,5,6,1,2.078958474722606,-0.0008758928313157242,2.0789586592352425,1.2576716293130132e-12,7.865778330967336e-9,0.044699007253288195
3,0.15114994701951814,320,5,4,1,2.0789584747266137,-0.0008758928303852775,2.0789586592392495,1.2576716293130132e-12,7.865778330967336e-9,0.044699007253288195
3,0.15114994701951814,320,5,4,2,2.081358870345179,0.0009234240424273003,2.08135907519018,1.2576716293130132e-12,7.865778330967336e-9,0.044699007253288195
3,0.15114994701951814,320,5,6,2,2.081358870346121,0.000923424041511467,2.0813590751911217,1.2576716293130132e-12,7.865778330967336e-9,0.044699007253288195
3,0.15114994701951814,320,5,5,2,2.1025997433087222,0.017203434749369566,2.1026701212337326,1.2576716293130132e-12,7.865778330967336e-9,0.044699007253288195
3,0.15114994701951814,320,5,3,0,2.1038010941852097,0.017182515638200453,2.1038712609707235,1.2576716293130132e-12,7.865778330967336e-9,0.044699007253288195
3,0.15114994701951814,320,5,5,3,2.1038010941863385,0.0171825156371958,2.1038712609718444,1.2576716293130132e-12,7.865778330967336e-9,0.044699007253288195
3,0.15114994701951814,320,5,7,0,2.1038010941871517,0.017182515636961763,2.1038712609726553,1.2576716293130132e-12,7.865778330967336e-9,0.044699007253288195
3,0.15114994701951814,320,5,5,4,2.104361680900822,0.018964999698780627,2.1044471376723406,1.2576716293130132e-12,7.865778330967336e-9,0.044699007253288195
3,0.15114994701951814,320,5,7,1,2.1056058125788524,0.01898685783398964,2.1056914158385736,1.2576716293130132e-12,7.865778330967336e-9,0.044699007253288195
3,0.15114994701951814,320,5,5,5,2.1056058125799764,0.01898685783379855,2.1056914158396958,1.2576716293130132e-12,7.865778330967336e-9,0.044699007253288195
3,0.15114994701951814,320,5,3,1,2.1056058125801043,0.018986857833533273,2.1056914158398214,1.2576716293130132e-12,7.865778330967336e-9,0.044699007253288195
3,0.15114994701951814,320,5,4,3,2.115723379157532,0.035247212278433,2.116016961909135,1.2576716293130132e-12,7.865778330967336e-9,0.044699007253288195
3,0.15114994701951814,320,5,6,3,2.1157233791634376,0.035247212277042514,2.1160169619150166,1.2576716293130132e-12,7.865778330967336e-9,0.044699007253288195
3,0.15114994701951814,320,5,6,4,2.116900097487881,0.03704605843010532,2.1172242283682206,1.2576716293130132e-12,7.865778330967336e-9,0.044699007253288195
3,0.15114994701951814,320,5,4,4,2.1169000974940415,0.03704605843118522,2.117224228374399,1.2576716293130132e-12,7.865778330967336e-9,0.044699007253288195
3,0.15114994701951814,320,5,5,6,4.15788793423911,-0.0017507802594844343,4.157888302843486,1.2576716293130132e-12,7.865778330967336e-9,0.044699007253288195
3,0.15114994701951814,320,5,5,7,4.160281504356155,5.2771582713901505e-5,4.1602815046908495,1.2576716293130132e-12,7.865778330967336e-9,0.044699007253288195
3,0.15114994701951814,320,5,3,2,4.1603531103472635,4.21035276315547e-5,4.160353110560311,1.2576716293130132e-12,7.865778330967336e-9,0.044699007253288195
3,0.15114994701951814,320,5,7,2,4.160353110347398,4.210352792942754e-5,4.160353110560445,1.2576716293130132e-12,7.865778330967336e-9,0.044699007253288195
3,0.15114994701951814,320,5,5,8,4.160353110347434,4.210352759447672e-5,4.160353110560481,1.2576716293130132e-12,7.865778330967336e-9,0.044699007253288195
3,0.15114994701951814,320,5,5,9,4.162685947935012,0.0018459242946272277,4.16268635721839,1.2576716293130132e-12,7.865778330967336e-9,0.044699007253288195
3,0.15114994701951814,320,5,4,5,4.182730436479134,0.016307618721916113,4.182762226409398,1.2576716293130132e-12,7.865778330967336e-9,0.044699007253288195
3,0.15114994701951814,320,5,6,5,4.182730436479977,0.016307618711362073,4.1827622264102,1.2576716293130132e-12,7.865778330967336e-9,0.044699007253288195
3,0.15114994701951814,320,5,6,6,4.183360680223318,0.018099196857530187,4.183399832882985,1.2576716293130132e-12,7.865778330967336e-9,0.044699007253288195
3,0.15114994701951814,320,5,4,6,4.183360680224215,0.018099196856061848,4.183399832883876,1.2576716293130132e-12,7.865778330967336e-9,0.044699007253288195
3,0.15114994701951814,320,5,4,7,4.184523407166569,0.0181008404632612,4.184562556056534,1.2576716293130132e-12,7.865778330967336e-9,0.044699007253288195
3,0.15114994701951814,320,5,6,7,4.184523407171982,0.018100840465511244,4.184562556061956,1.2576716293130132e-12,7.865778330967336e-9,0.044699007253288195
3,0.15114994701951814,320,5,8,0,4.185195822817863,0.018100502931302265,4.185234963958231,1.2576716293130132e-12,7.865778330967336e-9,0.044699007253288195
3,0.15114994701951814,320,5,2,0,4.185195822817896,0.018100502931318554,4.185234963958264,1.2576716293130132e-12,7.865778330967336e-9,0.044699007253288195
3,0.15114994701951814,320,5,6,8,4.185195822817912,0.018100502931470672,4.185234963958281,1.2576716293130132e-12,7.865778330967336e-9,0.044699007253288195
3,0.15114994701951814,320,5,4,8,4.185195822817919,0.01810050293150515,4.185234963958288,1.2576716293130132e-12,7.865778330967336e-9,0.044699007253288195
3,0.15114994701951814,320,5,6,9,4.1863163766796525,0.01989280752909271,4.186363640374262,1.2576716293130132e-12,7.865778330967336e-9,0.044699007253288195
3,0.15114994701951814,320,5,4,9,4.18631637668892,0.019892807524038474,4.186363640383505,1.2576716293130132e-12,7.865778330967336e-9,0.044699007253288195
3,0.15114994701951814,320,5,5,10,4.195258750243894,0.034356618925120354,4.195399427797301,1.2576716293130132e-12,7.865778330967336e-9,0.044699007253288195
3,0.15114994701951814,320,5,5,11,4.196440194308045,0.03614860148967065,4.196595885452137,1.2576716293130132e-12,7.865778330967336e-9,0.044699007253288195
3,0.15114994701951814,320,5,7,3,4.196489992492877,0.036159689028570474,4.196645777308768,1.2576716293130132e-12,7.865778330967336e-9,0.044699007253288195
3,0.15114994701951814,320,5,3,3,4.196489992492895,0.03615968902879732,4.196645777308787,1.2576716293130132e-12,7.865778330967336e-9,0.044699007253288195
3,0.15114994701951814,320,5,5,12,4.196489992492923,0.03615968902867803,4.196645777308815,1.2576716293130132e-12,7.865778330967336e-9,0.044699007253288195
3,0.15114994701951814,320,5,5,13,4.197610765232724,0.037952002921001524,4.197782330102809,1.2576716293130132e-12,7.865778330967336e-9,0.044699007253288195
3,0.15114994701951814,320,5,4,10,4.294133871477874,-0.000527862495097231,4.294133903921997,1.2576716293130132e-12,7.865778330967336e-9,0.044699007253288195
3,0.15114994701951814,320,5,6,10,4.294133871481125,-0.0005278624552522183,4.294133903925243,1.2576716293130132e-12,7.865778330967336e-9,0.044699007253288195
3,0.15114994701951814,320,5,6,11,4.295567105708267,0.0005436239111086642,4.2955671401073285,1.2576716293130132e-12,7.865778330967336e-9,0.044699007253288195
3,0.15114994701951814,320,5,4,11,4.295567105743239,0.0005436239354844122,4.295567140142304,1.2576716293130132e-12,7.865778330967336e-9,0.044699007253288195
3,0.15114994701951814,320,5,5,14,4.318015156623637,0.017544480400245956,4.318050798870245,1.2576716293130132e-12,7.865778330967336e-9,0.044699007253288195
3,0.15114994701951814,320,5,5,15,4.318736787098507,0.01753751127891515,4.318772395084023,1.2576716293130132e-12,7.865778330967336e-9,0.044699007253288195
3,0.15114994701951814,320,5,7,4,4.318736787101454,0.017537511268885288,4.3187723950869294,1.2576716293130132e-12,7.865778330967336e-9,0.044699007253288195
3,0.15114994701951814,320,5,3,4,4.318736787109309,0.01753751126960976,4.318772395094787,1.2576716293130132e-12,7.865778330967336e-9,0.044699007253288195
3,0.15114994701951814,320,5,5,16,4.3190746121392785,0.01860350230635377,4.319114677283311,1.2576716293130132e-12,7.865778330967336e-9,0.044699007253288195
3,0.15114994701951814,320,5,5,17,4.319810300289229,0.018610586301873084,4.319850389123149,1.2576716293130132e-12,7.865778330967336e-9,0.044699007253288195
3,0.15114994701951814,320,5,7,5,4.319810300299042,0.01861058630390569,4.31985038913297,1.2576716293130132e-12,7.865778330967336e-9,0.044699007253288195
3,0.15114994701951814,320,5,3,5,4.31981030030043,0.01861058629791138,4.3198503891343325,1.2576716293130132e-12,7.865778330967336e-9,0.044699007253288195
3,0.15114994701951814,320,5,4,12,4.330655690380174,0.03560574473333507,4.330802059397334,1.2576716293130132e-12,7.865778330967336e-9,0.044699007253288195
3,0.15114994701951814,320,5,6,12,4.330655690385415,0.03560574469617983,4.33080205940227,1.2576716293130132e-12,7.865778330967336e-9,0.044699007253288195
3,0.15114994701951814,320,5,4,13,4.331358628753029,0.036677160174577145,4.331513913743299,1.2576716293130132e-12,7.865778330967336e-9,0.044699007253288195
3,0.15114994701951814,320,5,6,13,4.331358628754115,0.03667716015560544,4.3315139137442245,1.2576716293130132e-12,7.865778330967336e-9,0.044699007253288195
3,0.15114994701951814,320,5,4,14,6.239282504739024,-0.0008327755563108177,6.239282560315536,1.2576716293130132e-12,7.865778330967336e-9,0.044699007253288195
3,0.15114994701951814,320,5,6,14,6.23928250475115,-0.0008327755558404058,6.239282560327663,1.2576716293130132e-12,7.865778330967336e-9,0.044699007253288195
3,0.15114994701951814,320,5,6,15,6.24168012205771,0.0009644171586184191,6.2416801965649285,1.2576716293130132e-12,7.865778330967336e-9,0.044699007253288195
3,0.15114994701951814,320,5,4,15,6.2416801220586295,0.0009644171501285818,6.241680196565847,1.2576716293130132e-12,7.865778330967336e-9,0.044699007253288195
3,0.15114994701951814,320,5,5,18,6.262879545348616,0.01720369453570303,6.26290317398024,1.2576716293130132e-12,7.865778330967336e-9,0.044699007253288195
3,0.15114994701951814,320,5,3,6,6.264125096785312,0.01722561540648045,6.264148780959926,1.2576716293130132e-12,7.865778330967336e-9,0.044699007253288195
3,0.15114994701951814,320,5,5,19,6.2641250967906785,0.01722561540293528,6.264148780965282,1.2576716293130132e-12,7.865778330967336e-9,0.044699007253288195
3,0.15114994701951814,320,5,7,6,6.264125096793489,0.01722561540157112,6.264148780968089,1.2576716293130132e-12,7.865778330967336e-9,0.044699007253288195
3,0.15114994701951814,320,5,5,20,6.264703614806942,0.019027390715014275,6.264732510089524,1.2576716293130132e-12,7.865778330967336e-9,0.044699007253288195
3,0.15114994701951814,320,5,7,7,6.26590629486201,0.019006436415438248,6.265935121002816,1.2576716293130132e-12,7.865778330967336e-9,0.044699007253288195
3,0.15114994701951814,320,5,3,7,6.265906294866358,0.0190064364146083,6.265935121007161,1.2576716293130132e-12,7.865778330967336e-9,0.044699007253288195
3,0.15114994701951814,320,5,5,21,6.265906294866381,0.01900643641522467,6.265935121007187,1.2576716293130132e-12,7.865778330967336e-9,0.044699007253288195
3,0.15114994701951814,320,5,6,16,6.276025278988417,0.035268888942171416,6.2761243771159325,1.2576716293130132e-12,7.865778330967336e-9,0.044699007253288195
3,0.15114994701951814,320,5,4,16,6.276025279011752,0.03526888893818477,6.2761243771392445,1.2576716293130132e-12,7.865778330967336e-9,0.044699007253288195
3,0.15114994701951814,320,5,4,17,6.277200574267979,0.03706561962536778,6.277310005866243,1.2576716293130132e-12,7.865778330967336e-9,0.044699007253288195
3,0.15114994701951814,320,5,6,17,6.277200574290012,0.03706561963265846,6.277310005888319,1.2576716293130132e-12,7.865778330967336e-9,0.044699007253288195
3,0.15114994701951814,320,5,5,22,6.373057304917813,-0.0014028252975088681,6.373057459311434,1.2576716293130132e-12,7.865778330967336e-9,0.044699007253288195
3,0.15114994701951814,320,5,7,8,6.373092247293622,-0.0014037647754172877,6.373092401893261,1.2576716293130132e-12,7.865778330967336e-9,0.044699007253288195
3,0.15114994701951814,320,5,3,8,6.373092247293626,-0.0014037647754912112,6.373092401893265,1.2576716293130132e-12,7.865778330967336e-9,0.044699007253288195
3,0.15114994701951814,320,5,5,23,6.373092247293627,-0.0014037647754386318,6.373092401893266,1.2576716293130132e-12,7.865778330967336e-9,0.044699007253288195
4,0.08726646259971647,320,6,6,0,0.0,0.0,0.0,2.4343483021623057e-12,1.6667977418939027e-9,0.02208274930717526
4,0.08726646259971647,320,6,5,0,0.2975924262383818,-0.015370945351702595,0.2979891241563217,2.4343483021623057e-12,1.6667977418939027e-9,0.02208274930717526
4,0.08726646259971647,320,6,7,0,0.2975924262393006,-0.015370945354895513,0.29798912415740403,2.4343483021623057e-12,1.6667977418939027e-9,0.02208274930717526
4,0.08726646259971647,320,6,5,1,0.3300269943433055,0.017042247977278692,0.33046672330417065,2.4343483021623057e-12,1.6667977418939027e-9,0.02208274930717526
4,0.08726646259971647,320,6,7,1,0.33002699434497085,0.01704224797715863,0.33046672330582755,2.4343483021623057e-12,1.6667977418939027e-9,0.02208274930717526
4,0.08726646259971647,320,6,6,1,0.5902895524110596,-0.03021247614759349,0.5910622212598416,2.4343483021623057e-12,1.6667977418939027e-9,0.02208274930717526
4,0.08726646259971647,320,6,6,2,0.6221630205503609,0.0016991264016854718,0.6221653407020337,2.4343483021623057e-12,1.6667977418939027e-9,0.02208274930717526
4,0.08726646259971647,320,6,4,0,0.6332216207274788,0.0016415612332024085,0.6332237485123385,2.4343483021623057e-12,1.6667977418939027e-9,0.02208274930717526
4,0.08726646259971647,320,6,6,3,0.6332216207291285,0.0016415612333085458,0.6332237485139884,2.4343483021623057e-12,1.6667977418939027e-9,0.02208274930717526
4,0.08726646259971647,320,6,8,0,0.6332216207303691,0.0016415612338351454,0.6332237485152306,2.4343483021623057e-12,1.6667977418939027e-9,0.02208274930717526
4,0.08726646259971647,320,6,6,4,0.6540359344901407,0.03349734939426419,0.6548931790916998,2.4343483021623057e-12,1.6667977418939027e-9,0.02208274930717526
4,0.08726646259971647,320,6,5,2,0.9259187382755797,-0.01319996610628361,0.9260128233426622,2.4343483021623057e-12,1.6667977418939027e-9,0.02208274930717526
4,0.08726646259971647,320,6,7,2,0.9259187382779019,-0.013199966105439352,0.9260128233449721,2.4343483021623057e-12,1.6667977418939027e-9,0.02208274930717526
4,0.08726646259971647,320,6,5,3,0.9572311873759307,0.018096662267624797,0.9574022327477426,2.4343483021623057e-12,1.6667977418939027e-9,0.02208274930717526
4,0.08726646259971647,320,6,7,3,0.9572311873780227,0.018096662265765236,0.9574022327497991,2.4343483021623057e-12,1.6667977418939027e-9,0.02208274930717526
4,0.08726646259971647,320,6,6,5,1.255384257952942,0.0032273103727637267,1.2553884062903802,2.4343483021623057e-12,1.6667977418939027e-9,0.02208274930717526
4,0.08726646259971647,320,6,7,4,3.8644957456720808,-0.001288943269783245,3.8644959606257014,2.4343483021623057e-12,1.6667977418939027e-9,0.02208274930717526
4,0.08726646259971647,320,6,5,4,3.864495745704276,-0.0012889432904733648,3.8644959606579037,2.4343483021623057e-12,1.6667977418939027e-9,0.02208274930717526
4,0.08726646259971647,320,6,5,5,3.8671338770714705,0.0013297369090210821,3.867134105690423,2.4343483021623057e-12,1.6667977418939027e-9,0.02208274930717526
4,0.08726646259971647,320,6,7,5,3.867133877073595,0.0013297369106782808,3.8671341056925486,2.4343483021623057e-12,1.6667977418939027e-9,0.02208274930717526
4,0.08726646259971647,320,6,6,6,4.161255415056589,-0.01660081477662107,4.161288528375439,2.4343483021623057e-12,1.6667977418939027e-9,0.02208274930717526
4,0.08726646259971647,320,6,8,1,4.162080982794744,-0.016658157745144515,4.162114318655979,2.4343483021623057e-12,1.6667977418939027e-9,0.02208274930717526
4,0.08726646259971647,320,6,6,7,4.1620809827961995,-0.01665815774250015,4.162114318657424,2.4343483021623057e-12,1.6667977418939027e-9,0.02208274930717526
4,0.08726646259971647,320,6,4,1,4.162080982797083,-0.016658157740892136,4.162114318658301,2.4343483021623057e-12,1.6667977418939027e-9,0.02208274930717526
4,0.08726646259971647,320,6,6,8,4.164279751431437,-0.01402018180752685,4.164303352744584,2.4343483021623057e-12,1.6667977418939027e-9,0.02208274930717526
4,0.08726646259971647,320,6,4,2,4.165133506756492,-0.014051477859931443,4.16515720869401,2.4343483021623057e-12,1.6667977418939027e-9,0.02208274930717526
4,0.08726646259971647,320,6,8,2,4.1651335067568,-0.014051477862160884,4.165157208694326,2.4343483021623057e-12,1.6667977418939027e-9,0.02208274930717526
4,0.08726646259971647,320,6,6,9,4.165133506756934,-0.01405147786262317,4.1651572086944615,2.4343483021623057e-12,1.6667977418939027e-9,0.02208274930717526
4,0.08726646259971647,320,6,6,10,4.194152429726293,0.01573155690027843,4.194181932828078,2.4343483021623057e-12,1.6667977418939027e-9,0.02208274930717526
4,0.08726646259971647,320,6,4,3,4.195003957910563,0.015764613711406354,4.1950335791183795,2.4343483021623057e-12,1.6667977418939027e-9,0.02208274930717526
4,0.08726646259971647,320,6,6,11,4.195003957913141,0.01576461371222798,4.19503357912096,2.4343483021623057e-12,1.6667977418939027e-9,0.02208274930717526
4,0.08726646259971647,320,6,8,3,4.1950039579165495,0.01576461371187131,4.195033579124368,2.4343483021623057e-12,1.6667977418939027e-9,0.02208274930717526
4,0.08726646259971647,320,6,6,12,4.196284205904988,0.018307316501614358,4.196324140788596,2.4343483021623057e-12,1.6667977418939027e-9,0.02208274930717526
4,0.08726646259971647,320,6,8,4,4.197167223672457,0.018373676026398958,4.197207440125051,2.4343483021623057e-12,1.6667977418939027e-9,0.02208274930717526
4,0.08726646259971647,320,6,6,13,4.197167223676215,0.01837367602660997,4.1972074401288095,2.4343483021623057e-12,1.6667977418939027e-9,0.02208274930717526
4,0.08726646259971647,320,6,4,4,4.197167223679384,0.018373676026925877,4.19720744013198,2.4343483021623057e-12,1.6667977418939027e-9,0.02208274930717526
4,0.08726646259971647,320,6,7,6,4.45437239085742,-0.031470792695165346,4.454483562347684,2.4343483021623057e-12,1.6667977418939027e-9,0.02208274930717526
4,0.08726646259971647,320,6,5,6,4.4543723908591595,-0.03147079268718808,4.454483562349367,2.4343483021623057e-12,1.6667977418939027e-9,0.02208274930717526
4,0.08726646259971647,320,6,5,7,4.457827253375708,-0.028889690235854745,4.457920864611791,2.4343483021623057e-12,1.6667977418939027e-9,0.02208274930717526
4,0.08726646259971647,320,6,7,7,4.457827253476971,-0.028889690304297985,4.457920864713495,2.4343483021623057e-12,1.6667977418939027e-9,0.02208274930717526
4,0.08726646259971647,320,6,7,8,4.486710766819216,0.00042711643477552977,4.486710787149081,2.4343483021623057e-12,1.6667977418939027e-9,0.02208274930717526
4,0.08726646259971647,320,6,5,8,4.4867107668734825,0.00042711639722825545,4.486710787203344,2.4343483021623057e-12,1.6667977418939027e-9,0.02208274930717526
4,0.08726646259971647,320,6,5,9,4.489311705359524,0.0030134878116931524,4.489312716773786,2.4343483021623057e-12,1.6667977418939027e-9,0.02208274930717526
4,0.08726646259971647,320,6,7,9,4.489311705367032,0.003013487810024182,4.489312716781293,2.4343483021623057e-12,1.6667977418939027e-9,0.02208274930717526
4,0.08726646259971647,320,6,7,10,4.4968559585842485,0.0003906781662858759,4.496855975554931,2.4343483021623057e-12,1.6667977418939027e-9,0.02208274930717526
4,0.08726646259971647,320,6,5,10,4.496855958585784,0.0003906781739512026,4.496855975556468,2.4343483021623057e-12,1.6667977418939027e-9,0.02208274930717526
4,0.08726646259971647,320,6,3,0,4.498145122752689,0.00036865696074240423,4.4981451378598,2.4343483021623057e-12,1.6667977418939027e-9,0.02208274930717526
4,0.08726646259971647,320,6,9,0,4.4981451227555524,0.0003686569589567146,4.498145137862664,2.4343483021623057e-12,1.6667977418939027e-9,0.02208274930717526
4,0.08726646259971647,320,6,5,11,4.498183126724745,0.0003686631487631979,4.498183141832236,2.4343483021623057e-12,1.6667977418939027e-9,0.02208274930717526
4,0.08726646259971647,320,6,7,11,4.49818312672566,0.00036866314813095713,4.498183141833151,2.4343483021623057e-12,1.6667977418939027e-9,0.02208274930717526
4,0.08726646259971647,320,6,5,12,4.499465168865207,0.002934801451465935,4.499466125985478,2.4343483021623057e-12,1.6667977418939027e-9,0.02208274930717526
4,0.08726646259971647,320,6,7,12,4.499465168866644,0.0029348014565936525,4.499466125986919,2.4343483021623057e-12,1.6667977418939027e-9,0.02208274930717526
4,0.08726646259971647,320,6,9,1,4.500764680840727,0.002957434019769091,4.500765652499507,2.4343483021623057e-12,1.6667977418939027e-9,0.02208274930717526
4,0.08726646259971647,320,6,3,1,4.50076468084244,0.002957434019228884,4.50076565250122,2.4343483021623057e-12,1.6667977418939027e-9,0.02208274930717526
4,0.08726646259971647,320,6,7,13,4.500802639243409,0.0029574261291884993,4.500803610888809,2.4343483021623057e-12,1.6667977418939027e-9,0.02208274930717526
4,0.08726646259971647,320,6,5,13,4.500802639244004,0.0029574261290164494,4.500803610889404,2.4343483021623057e-12,1.6667977418939027e-9,0.02208274930717526
4,0.08726646259971647,320,6,5,14,4.519130416721175,0.03221622508562404,4.519245247659533,2.4343483021623057e-12,1.6667977418939027e-9,0.02208274930717526
4,0.08726646259971647,320,6,7,14,4.519130416729171,0.0322162250640554,4.519245247667374,2.4343483021623057e-12,1.6667977418939027e-9,0.02208274930717526
4,0.08726646259971647,320,6,5,15,4.520722097490125,0.034797956605602205,4.520856022980542,2.4343483021623057e-12,1.6667977418939027e-9,0.02208274930717526
4,0.08726646259971647,320,6,7,15,4.520722097496199,0.034797956617633484,4.520856022986708,2.4343483021623057e-12,1.6667977418939027e-9,0.02208274930717526
4,0.08726646259971647,320,6,6,14,4.789529583044343,-0.014472339253856386,4.78955144825279,2.4343483021623057e-12,1.6667977418939027e-9,0.02208274930717526
4,0.08726646259971647,320,6,8,5,4.790474658246454,-0.01444396782507018,4.790496433513756,2.4343483021623057e-12,1.6667977418939027e-9,0.02208274930717526
4,0.08726646259971647,320,6,4,5,4.790474658247014,-0.01444396782543346,4.790496433514317,2.4343483021623057e-12,1.6667977418939027e-9,0.02208274930717526
4,0.08726646259971647,320,6,6,15,4.790474658247456,-0.014443967824854742,4.7904964335147575,2.4343483021623057e-12,1.6667977418939027e-9,0.02208274930717526
4,0.08726646259971647,320,6,6,16,4.7924910336943976,-0.011942384271456458,4.79250591325491,2.4343483021623057e-12,1.6667977418939027e-9,0.02208274930717526
4,0.08726646259971647,320,6,8,6,4.793466917694459,-0.011880857162327823,4.793481641333169,2.4343483021623057e-12,1.6667977418939027e-9,0.02208274930717526
4,0.08726646259971647,320,6,4,6,4.793466917694522,-0.011880857159893538,4.7934816413332255,2.4343483021623057e-12,1.6667977418939027e-9,0.02208274930717526
4,0.08726646259971647,320,6,6,17,4.793466917694799,-0.011880857162824814,4.79348164133351,2.4343483021623057e-12,1.6667977418939027e-9,0.02208274930717526
4,0.08726646259971647,320,6,6,18,4.821482101743593,0.01688359834332393,4.821511662676637,2.4343483021623057e-12,1.6667977418939027e-9,0.02208274930717526
4,0.08726646259971647,320,6,4,7,4.822220858779382,0.016821743443663627,4.8222501990149205,2.4343483021623057e-12,1.6667977418939027e-9,0.02208274930717526
4,0.08726646259971647,320,6,6,19,4.822220858782378,0.016821743444046702,4.822250199017919,2.4343483021623057e-12,1.6667977418939027e-9,0.02208274930717526
4,0.08726646259971647,320,6,8,7,4.822220858787414,0.016821743442670206,4.82225019902295,2.4343483021623057e-12,1.6667977418939027e-9,0.02208274930717526
4,0.08726646259971647,320,6,6,20,4.823564769118276,0.019417613063580447,4.823603852471317,2.4343483021623057e-12,1.6667977418939027e-9,0.02208274930717526
4,0.08726646259971647,320,6,8,8,4.82437122125923,0.019381771017277873,4.824410153952713,2.4343483021623057e-12,1.6667977418939027e-9,0.02208274930717526
4,0.08726646259971647,320,6,6,21,4.824371221262593,0.01938177101719349,4.824410153956076,2.4343483021623057e-12,1.6667977418939027e-9,0.02208274930717526
4,0.08726646259971647,320,6,4,8,4.824371221265171,0.019381771017112977,4.824410153958653,2.4343483021623057e-12,1.6667977418939027e-9,0.02208274930717526
4,0.08726646259971647,320,6,7,16,5.119949937674338,0.0019842248294683826,5.119950322165209,2.4343483021623057e-12,1.6667977418939027e-9,0.02208274930717526
4,0.08726646259971647,320,6,5,16,5.119949937694197,0.0019842248114339614,5.119950322185061,2.4343483021623057e-12,1.6667977418939027e-9,0.02208274930717526
4,0.08726646259971647,320,6,5,17,5.122521526943791,0.0045163575015322935,5.122523517904786,2.4343483021623057e-12,1.6667977418939027e-9,0.02208274930717526
4,0.08726646259971647,320,6,7,17,5.122521526947978,0.004516357495270247,5.122523517908967,2.4343483021623057e-12,1.6667977418939027e-9,0.02208274930717526
5,0.05038331567317271,320,7,7,0,0.0,0.0,0.0,2.583204264561373e-12,1.0769324240606341e-9,0.0411993633561151
5,0.05038331567317271,320,7,6,0,0.06695494693037851,0.050738455913205194,0.08400807001060118,2.583204264561373e-12,1.0769324240606341e-9,0.0411993633561151
5,0.05038331567317271,320,7,8,0,0.06695494693665616,0.050738455910884245,0.08400807001420271,2.583204264561373e-12,1.0769324240606341e-9,0.0411993633561151
5,0.05038331567317271,320,7,7,1,0.10157741641967277,0.1014997016593816,0.14359721781232074,2.583204264561373e-12,1.0769324240606341e-9,0.0411993633561151
5,0.05038331567317271,320,7,8,1,2.1139496367111343,-0.002187084171330088,2.1139507680852714,2.583204264561373e-12,1.0769324240606341e-9,0.0411993633561151
5,0.05038331567317271,320,7,6,1,2.113949636718884,-0.0021870841730230253,2.113950768093023,2.583204264561373e-12,1.0769324240606341e-9,0.0411993633561151
5,0.05038331567317271,320,7,6,2,2.120083755185833,0.002496932246584316,2.120085225568422,2.583204264561373e-12,1.0769324240606341e-9,0.0411993633561151
5,0.05038331567317271,320,7,8,2,2.120083755190241,0.002496932245359372,2.120085225572829,2.583204264561373e-12,1.0769324240606341e-9,0.0411993633561151
5,0.05038331567317271,320,7,7,2,2.1794888476788907,0.04861905594902338,2.180031066236909,2.583204264561373e-12,1.0769324240606341e-9,0.0411993633561151
5,0.05038331567317271,320,7,5,0,2.1823152886428545,0.048483791070858206,2.1828537965335535,2.583204264561373e-12,1.0769324240606341e-9,0.0411993633561151
5,0.05038331567317271,320,7,9,0,2.1823152886486996,0.04848379106946532,2.182853796539366,2.583204264561373e-12,1.0769324240606341e-9,0.0411993633561151
5,0.05038331567317271,320,7,7,3,2.1823154666946216,0.04848369215377572,2.182853972344331,2.583204264561373e-12,1.0769324240606341e-9,0.0411993633561151
5,0.05038331567317271,320,7,7,4,2.1839345332301443,0.05307092420925157,2.184579265769863,2.583204264561373e-12,1.0769324240606341e-9,0.0411993633561151
5,0.05038331567317271,320,7,5,1,2.1870541314868985,0.053224352542187534,2.1877016720196214,2.583204264561373e-12,1.0769324240606341e-9,0.0411993633561151
5,0.05038331567317271,320,7,9,1,2.1870541314911964,0.05322435254204662,2.1877016720239144,2.583204264561373e-12,1.0769324240606341e-9,0.0411993633561151
5,0.05038331567317271,320,7,7,5,2.187054298768981,0.05322427202000102,2.1877018372931762,2.583204264561373e-12,1.0769324240606341e-9,0.0411993633561151
5,0.05038331567317271,320,7,6,3,2.2169535546511616,0.09923372831090707,2.219173358779098,2.583204264561373e-12,1.0769324240606341e-9,0.0411993633561151
5,0.05038331567317271,320,7,8,3,2.216953554653026,0.09923372830911743,2.2191733587808806,2.583204264561373e-12,1.0769324240606341e-9,0.0411993633561151
5,0.05038331567317271,320,7,6,4,2.220119974646363,0.10390867267679238,2.2225502725655546,2.583204264561373e-12,1.0769324240606341e-9,0.0411993633561151
5,0.05038331567317271,320,7,8,4,2.220119974647878,0.10390867267692289,2.222550272567074,2.583204264561373e-12,1.0769324240606341e-9,0.0411993633561151
5,0.05038331567317271,320,7,7,6,4.2278509297143145,-0.0043682602009372865,4.227853186379983,2.583204264561373e-12,1.0769324240606341e-9,0.0411993633561151
5,0.05038331567317271,320,7,7,7,4.233961683060127,0.00032050038015925264,4.2339616951906685,2.583204264561373e-12,1.0769324240606341e-9,0.0411993633561151
5,0.05038331567317271,320,7,7,8,4.234113420226102,0.0002985414213380472,4.234113430750971,2.583204264561373e-12,1.0769324240606341e-9,0.0411993633561151
5,0.05038331567317271,320,7,9,2,4.2341135051814875,0.0002985763643965772,4.23411351570882,2.583204264561373e-12,1.0769324240606341e-9,0.0411993633561151
5,0.05038331567317271,320,7,5,2,4.234113505183547,0.00029857636532390486,4.23411351571088,2.583204264561373e-12,1.0769324240606341e-9,0.0411993633561151
5,0.05038331567317271,320,7,7,9,4.240095890957972,0.004986299931093008,4.24009882287025,2.583204264561373e-12,1.0769324240606341e-9,0.0411993633561151
5,0.05038331567317271,320,7,6,5,4.296205239684879,0.046302705455394944,4.296454748048476,2.583204264561373e-12,1.0769324240606341e-9,0.0411993633561151
5,0.05038331567317271,320,7,8,5,4.296205239689418,0.046302705453681176,4.296454748052997,2.583204264561373e-12,1.0769324240606341e-9,0.0411993633561151
5,0.05038331567317271,320,7,8,6,4.298023459016241,0.050945096555343745,4.298325378227777,2.583204264561373e-12,1.0769324240606341e-9,0.0411993633561151
5,0.05038331567317271,320,7,6,6,4.298023459018834,0.050945096552519095,4.298325378230337,2.583204264561373e-12,1.0769324240606341e-9,0.0411993633561151
5,0.05038331567317271,320,7,6,7,4.300867257570742,0.05097639698673901,4.301169348013842,2.583204264561373e-12,1.0769324240606341e-9,0.0411993633561151
5,0.05038331567317271,320,7,8,7,4.300867257577316,0.050976396984210096,4.3011693480203865,2.583204264561373e-12,1.0769324240606341e-9,0.0411993633561151
5,0.05038331567317271,320,7,4,0,4.30247512715907,0.05096959248810608,4.3027770241067405,2.583204264561373e-12,1.0769324240606341e-9,0.0411993633561151
5,0.05038331567317271,320,7,10,0,4.3024751271639285,0.05096959248914795,4.302777024111611,2.583204264561373e-12,1.0769324240606341e-9,0.0411993633561151
5,0.05038331567317271,320,7,6,8,4.302492500053732,0.05096959442931046,4.302794395805463,2.583204264561373e-12,1.0769324240606341e-9,0.0411993633561151
5,0.05038331567317271,320,7,8,8,4.302492500055363,0.05096959442963867,4.302794395807099,2.583204264561373e-12,1.0769324240606341e-9,0.0411993633561151
5,0.05038331567317271,320,7,6,9,4.305526470376804,0.05562607781904214,4.30588579129183,2.583204264561373e-12,1.0769324240606341e-9,0.0411993633561151
5,0.05038331567317271,320,7,8,9,4.305526470383655,0.055626077815109004,4.30588579129863,2.583204264561373e-12,1.0769324240606341e-9,0.0411993633561151
5,0.05038331567317271,320,7,7,10,4.332272514776894,0.096974442734663,4.333357726386665,2.583204264561373e-12,1.0769324240606341e-9,0.0411993633561151
5,0.05038331567317271,320,7,7,11,4.335446261327528,0.10163110435003556,4.336637310893113,2.583204264561373e-12,1.0769324240606341e-9,0.0411993633561151
5,0.05038331567317271,320,7,7,12,4.335563395651844,0.1016539446034012,4.336754948365146,2.583204264561373e-12,1.0769324240606341e-9,0.0411993633561151
5,0.05038331567317271,320,7,5,3,4.335563401687417,0.10165397690528502,4.33675495515622,2.583204264561373e-12,1.0769324240606341e-9,0.0411993633561151
5,0.05038331567317271,320,7,9,3,4.335563401688791,0.10165397690410437,4.336754955157566,2.583204264561373e-12,1.0769324240606341e-9,0.0411993633561151
5,0.05038331567317271,320,7,7,13,4.338596232540371,0.10631035133192857,4.339898519529439,2.583204264561373e-12,1.0769324240606341e-9,0.0411993633561151
5,0.05038331567317271,320,7,6,10,6.348022077656902,-0.0018827350891711322,6.348022356853421,2.583204264561373e-12,1.0769324240606341e-9,0.0411993633561151
5,0.05038331567317271,320,7,8,10,6.34802207766737,-0.0018827350952796626,6.348022356863891,2.583204264561373e-12,1.0769324240606341e-9,0.0411993633561151
5,0.05038331567317271,320,7,8,11,6.354136313508232,0.002787574614217636,6.354136924965988,2.583204264561373e-12,1.0769324240606341e-9,0.0411993633561151
5,0.05038331567317271,320,7,6,11,6.354136313522187,0.0027875746070924606,6.354136924979939,2.583204264561373e-12,1.0769324240606341e-9,0.0411993633561151
5,0.05038331567317271,320,7,7,14,6.413261825153608,0.048635367413427194,6.413446237159553,2.583204264561373e-12,1.0769324240606341e-9,0.0411993633561151
5,0.05038331567317271,320,7,5,4,6.4163891370518344,0.0487886464201014,6.416574622810545,2.583204264561373e-12,1.0769324240606341e-9,0.0411993633561151
5,0.05038331567317271,320,7,9,4,6.416389137058523,0.04878864641868678,6.416574622817223,2.583204264561373e-12,1.0769324240606341e-9,0.0411993633561151
5,0.05038331567317271,320,7,7,15,6.416389204521536,0.04878868305763325,6.416574690556872,2.583204264561373e-12,1.0769324240606341e-9,0.0411993633561151
5,0.05038331567317271,320,7,7,16,6.4181352974287815,0.053506899117566675,6.418358332498616,2.583204264561373e-12,1.0769324240606341e-9,0.0411993633561151
5,0.05038331567317271,320,7,5,5,6.420972721320689,0.053371293773699646,6.4211945292868595,2.583204264561373e-12,1.0769324240606341e-9,0.0411993633561151
5,0.05038331567317271,320,7,9,5,6.420972721325607,0.053371293772107364,6.421194529291764,2.583204264561373e-12,1.0769324240606341e-9,0.0411993633561151
5,0.05038331567317271,320,7,7,17,6.420972750571078,0.05337130084695236,6.42119455859503,2.583204264561373e-12,1.0769324240606341e-9,0.0411993633561151
5,0.05038331567317271,320,7,6,12,6.450896794612148,0.09939448683512288,6.4516624771256055,2.583204264561373e-12,1.0769324240606341e-9,0.0411993633561151
5,0.05038331567317271,320,7,8,12,6.4508967946138345,0.09939448683512644,6.451662477127292,2.583204264561373e-12,1.0769324240606341e-9,0.0411993633561151
5,0.05038331567317271,320,7,6,13,6.454054198235498,0.10405570214087803,6.454892964481231,2.583204264561373e-12,1.0769324240606341e-9,0.0411993633561151
5,0.05038331567317271,320,7,8,13,6.454054198237026,0.10405570213749912,6.4548929644827036,2.583204264561373e-12,1.0769324240606341e-9,0.0411993633561151
5,0.05038331567317271,320,7,8,14,6.747001939424743,-0.002117306586560036,6.747002271645418,2.583204264561373e-12,1.0769324240606341e-9,0.0411993633561151
5,0.05038331567317271,320,7,6,14,6.7470019394497305,-0.0021173065793533077,6.747002271670403,2.583204264561373e-12,1.0769324240606341e-9,0.0411993633561151
5,0.05038331567317271,320,7,6,15,6.752640318530263,0.0021937518919744464,6.752640674875856,2.583204264561373e-12,1.0769324240606341e-9,0.0411993633561151
5,0.05038331567317271,320,7,8,15,6.752640318601463,0.0021937518156927432,6.752640674947031,2.583204264561373e-12,1.0769324240606341e-9,0.0411993633561151
5,0.05038331567317271,320,7,7,18,6.812681644756042,0.048636470879821356,6.812855253056205,2.583204264561373e-12,1.0769324240606341e-9,0.0411993633561151
5,0.05038331567317271,320,7,9,6,6.815399683322019,0.04860221670136424,6.81557297803304,2.583204264561373e-12,1.0769324240606341e-9,0.0411993633561151
5,0.05038331567317271,320,7,5,6,6.81539968332382,0.048602216703120676,6.8155729780348535,2.583204264561373e-12,1.0769324240606341e-9,0.0411993633561151
5,0.05038331567317271,320,7,7,19,6.81542565701523,0.04858794050255767,6.815598849276838,2.583204264561373e-12,1.0769324240606341e-9,0.0411993633561151
5,0.05038331567317271,320,7,7,20,6.816908067118502,0.05286692438744288,6.817113062524304,2.583204264561373e-12,1.0769324240606341e-9,0.0411993633561151
5,0.05038331567317271,320,7,9,7,6.819738382870982,0.052921514573907646,6.819943716593892,2.583204264561373e-12,1.0769324240606341e-9,0.0411993633561151
5,0.05038331567317271,320,7,5,7,6.8197383828713,0.05292151457426054,6.819943716594213,2.583204264561373e-12,1.0769324240606341e-9,0.0411993633561151
5,0.05038331567317271,320,7,7,21,6.81976448213336,0.0529072534471754,6.819969704422082,2.583204264561373e-12,1.0769324240606341e-9,0.0411993633561151
5,0.05038331567317271,320,7,8,16,6.850210646448791,0.09937040726366293,6.850931351178474,2.583204264561373e-12,1.0769324240606341e-9,0.0411993633561151
5,0.05038331567317271,320,7,6,16,6.850210646470989,0.09937040725608293,6.85093135120056,2.583204264561373e-12,1.0769324240606341e-9,0.0411993633561151
5,0.05038331567317271,320,7,8,17,6.853144193744639,0.10368084192780286,6.8539284397518125,2.583204264561373e-12,1.0769324240606341e-9,0.0411993633561151
5,0.05038331567317271,320,7,6,17,6.853144193784276,0.10368084188467053,6.853928439790793,2.583204264561373e-12,1.0769324240606341e-9,0.0411993633561151
5,0.05038331567317271,320,7,7,22,8.468129450845547,0.0005953456572992816,8.468129471773217,2.583204264561373e-12,1.0769324240606341e-9,0.0411993633561151
5,0.05038331567317271,320,7,6,18,8.534946308948768,0.05119032019685124,8.535099820477793,2.583204264561373e-12,1.0769324240606341e-9,0.0411993633561151
5,0.05038331567317271,320,7,8,18,8.53494630895543,0.051190320193446624,8.535099820484435,2.583204264561373e-12,1.0769324240606341e-9,0.0411993633561151
5,0.05038331567317271,320,7,7,23,8.569472747397658,0.10180735695521258,8.570077473764247,2.583204264561373e-12,1.0769324240606341e-9,0.0411993633561151
6,0.029088820866572156,320,8,8,0,0.0,0.0,0.0,5.286898162548118e-12,1.0941282184583741e-8,0.03331336067583059
6,0.029088820866572156,320,8,7,0,0.2601297170832193,-0.03954295212977238,0.2631180624224289,5.286898162548118e-12,1.0941282184583741e-8,0.03331336067583059
6,0.029088820866572156,320,8,9,0,0.26012971708721455,-0.039542952133773124,0.26311806242698,5.286898162548118e-12,1.0941282184583741e-8,0.03331336067583059
6,0.029088820866572156,320,8,7,1,0.3536843857754183,0.0537625233662809,0.3577471923859708,5.286898162548118e-12,1.0941282184583741e-8,0.03331336067583059
6,0.029088820866572156,320,8,9,1,0.35368438578267003,0.053762523365114195,0.3577471923929649,5.286898162548118e-12,1.0941282184583741e-8,0.03331336067583059
6,0.029088820866572156,320,8,8,1,0.5105785035336261,-0.07565046784568187,0.5161524983528681,5.286898162548118e-12,1.0941282184583741e-8,0.03331336067583059
6,0.029088820866572156,320,8,8,2,0.5999140384493469,0.014780166852903384,0.6000960813576474,5.286898162548118e-12,1.0941282184583741e-8,0.03331336067583059
6,0.029088820866572156,320,8,6,0,0.628721084486681,0.013551408598242803,0.6288671105671728,5.286898162548118e-12,1.0941282184583741e-8,0.03331336067583059
6,0.029088820866572156,320,8,10,0,0.6287210844972901,0.013551408594923667,0.6288671105777079,5.286898162548118e-12,1.0941282184583741e-8,0.03331336067583059
6,0.029088820866572156,320,8,8,3,0.628721120563664,0.013551407108290753,0.6288671466036717,5.286898162548118e-12,1.0941282184583741e-8,0.03331336067583059
6,0.029088820866572156,320,8,8,4,0.6891431174359647,0.10278562983256237,0.6967661889109117,5.286898162548118e-12,1.0941282184583741e-8,0.03331336067583059
6,0.029088820866572156,320,8,7,2,0.8791686186155171,-0.02255606592579753,0.8794579217156244,5.286898162548118e-12,1.0941282184583741e-8,0.03331336067583059
6,0.029088820866572156,320,8,9,2,0.8791686186207688,-0.022556065923491082,0.8794579217208153,5.286898162548118e-12,1.0941282184583741e-8,0.03331336067583059
6,0.029088820866572156,320,8,7,3,0.9641791965671347,0.06257446087805418,0.9662075792742595,5.286898162548118e-12,1.0941282184583741e-8,0.03331336067583059
6,0.029088820866572156,320,8,9,3,0.9641791965730527,0.06257446087298418,0.9662075792798368,5.286898162548118e-12,1.0941282184583741e-8,0.03331336067583059
6,0.029088820866572156,320,8,8,5,1.2285249162456786,0.02590638056772787,1.2287980348253214,5.286898162548118e-12,1.0941282184583741e-8,0.03331336067583059
6,0.029088820866572156,320,8,7,4,3.8611485983524956,-0.003362116870016335,3.8611500621433104,5.286898162548118e-12,1.0941282184583741e-8,0.03331336067583059
6,0.029088820866572156,320,8,9,4,3.8611485983575893,-0.003362116870441953,3.8611500621484045,5.286898162548118e-12,1.0941282184583741e-8,0.03331336067583059
6,0.029088820866572156,320,8,9,5,3.8682310455583298,0.0037078067781358137,3.868232822575755,5.286898162548118e-12,1.0941282184583741e-8,0.03331336067583059
6,0.029088820866572156,320,8,7,5,3.8682310455629194,0.0037078067544209503,3.868232822580322,5.286898162548118e-12,1.0941282184583741e-8,0.03331336067583059
6,0.029088820866572156,320,8,8,6,4.119583670364152,-0.042528051692425135,4.119803181258995,5.286898162548118e-12,1.0941282184583741e-8,0.03331336067583059
6,0.029088820866572156,320,8,10,1,4.121241187953954,-0.04289290696129818,4.121464391542855,5.286898162548118e-12,1.0941282184583741e-8,0.03331336067583059
6,0.029088820866572156,320,8,6,1,4.121241187958447,-0.042892906958443534,4.121464391547318,5.286898162548118e-12,1.0941282184583741e-8,0.03331336067583059
6,0.029088820866572156,320,8,8,7,4.12124127878265,-0.04289301608088088,4.121464483502262,5.286898162548118e-12,1.0941282184583741e-8,0.03331336067583059
6,0.029088820866572156,320,8,8,8,4.127466511877467,-0.03572129607502514,4.127621084555027,5.286898162548118e-12,1.0941282184583741e-8,0.03331336067583059
6,0.029088820866572156,320,8,6,2,4.129327627020073,-0.035950350606981346,4.129484117777909,5.286898162548118e-12,1.0941282184583741e-8,0.03331336067583059
6,0.029088820866572156,320,8,10,2,4.129327627028182,-0.03595035061017257,4.1294841177860455,5.286898162548118e-12,1.0941282184583741e-8,0.03331336067583059
6,0.029088820866572156,320,8,8,9,4.129328091265737,-0.03595049141017883,4.129484583231783,5.286898162548118e-12,1.0941282184583741e-8,0.03331336067583059
6,0.029088820866572156,320,8,8,10,4.213753784418403,0.05029651821875558,4.214053950229558,5.286898162548118e-12,1.0941282184583741e-8,0.03331336067583059
6,0.029088820866572156,320,8,6,3,4.216058462614014,0.05049102187341599,4.216360789053644,5.286898162548118e-12,1.0941282184583741e-8,0.03331336067583059
6,0.029088820866572156,320,8,10,3,4.216058462620348,0.05049102187145482,4.216360789059953,5.286898162548118e-12,1.0941282184583741e-8,0.03331336067583059
6,0.029088820866572156,320,8,8,11,4.216059109210262,0.05049099321281948,4.216361435260318,5.286898162548118e-12,1.0941282184583741e-8,0.03331336067583059
6,0.029088820866572156,320,8,8,12,4.219363318682369,0.05701414369283905,4.2197485028877395,5.286898162548118e-12,1.0941282184583741e-8,0.03331336067583059
6,0.029088820866572156,320,8,6,4,4.221861588591934,0.05746418159025224,4.222252645850772,5.286898162548118e-12,1.0941282184583741e-8,0.03331336067583059
6,0.029088820866572156,320,8,10,4,4.221861588597398,0.057464181590403146,4.222252645856238,5.286898162548118e-12,1.0941282184583741e-8,0.03331336067583059
6,0.029088820866572156,320,8,8,13,4.221861736837889,0.0574641105827044,4.2222527931165965,5.286898162548118e-12,1.0941282184583741e-8,0.03331336067583059
6,0.029088820866572156,320,8,9,6,4.3708668004000835,-0.07881862798498449,4.3715773998589,5.286898162548118e-12,1.0941282184583741e-8,0.03331336067583059
6,0.029088820866572156,320,8,7,6,4.370866800412779,-0.07881862798763953,4.371577399871641,5.286898162548118e-12,1.0941282184583741e-8,0.03331336067583059
6,0.029088820866572156,320,8,9,7,4.3797679159333,-0.07205030468230207,4.380360515282222,5.286898162548118e-12,1.0941282184583741e-8,0.03331336067583059
6,0.029088820866572156,320,8,7,7,4.37976791595304,-0.07205030468171698,4.38036051530195,5.286898162548118e-12,1.0941282184583741e-8,0.03331336067583059
6,0.029088820866572156,320,8,7,8,4.461273095359031,0.011556397495519441,4.461288063070734,5.286898162548118e-12,1.0941282184583741e-8,0.03331336067583059
6,0.029088820866572156,320,8,9,8,4.461273095368233,0.011556397493663384,4.461288063079931,5.286898162548118e-12,1.0941282184583741e-8,0.03331336067583059
6,0.029088820866572156,320,8,9,9,4.467956436355326,0.018305252085535684,4.467993934577676,5.286898162548118e-12,1.0941282184583741e-8,0.03331336067583059
6,0.029088820866572156,320,8,7,9,4.467956436379872,0.018305252042157827,4.467993934602044,5.286898162548118e-12,1.0941282184583741e-8,0.03331336067583059
6,0.029088820866572156,320,8,7,10,4.4879751454524595,0.010436519258174112,4.487987280188443,5.286898162548118e-12,1.0941282184583741e-8,0.03331336067583059
6,0.029088820866572156,320,8,9,10,4.487975145458947,0.010436519257113336,4.487987280194927,5.286898162548118e-12,1.0941282184583741e-8,0.03331336067583059
6,0.029088820866572156,320,8,5,0,4.491084173510663,0.010287578254182278,4.49109595620315,5.286898162548118e-12,1.0941282184583741e-8,0.03331336067583059
6,0.029088820866572156,320,8,11,0,4.491084173520695,0.010287578252337531,4.4910959562131785,5.286898162548118e-12,1.0941282184583741e-8,0.03331336067583059
6,0.029088820866572156,320,8,7,11,4.491085724057222,0.010287466520214936,4.491097506489699,5.286898162548118e-12,1.0941282184583741e-8,0.03331336067583059
6,0.029088820866572156,320,8,9,11,4.491085724060589,0.010287466519616359,4.491097506493064,5.286898162548118e-12,1.0941282184583741e-8,0.03331336067583059
6,0.029088820866572156,320,8,7,12,4.494511532133513,0.016980830502894034,4.494543609876948,5.286898162548118e-12,1.0941282184583741e-8,0.03331336067583059
6,0.029088820866572156,320,8,9,12,4.494511532141601,0.016980830496712146,4.494543609885013,5.286898162548118e-12,1.0941282184583741e-8,0.03331336067583059
6,0.029088820866572156,320,8,5,1,4.4979329127881185,0.017137514094208425,4.497965560376373,5.286898162548118e-12,1.0941282184583741e-8,0.03331336067583059
6,0.029088820866572156,320,8,11,1,4.497932912795611,0.017137514094149986,4.497965560383865,5.286898162548118e-12,1.0941282184583741e-8,0.03331336067583059
6,0.029088820866572156,320,8,7,13,4.497934503189926,0.01713742960967722,4.4979671504447465,5.286898162548118e-12,1.0941282184583741e-8,0.03331336067583059
6,0.029088820866572156,320,8,9,13,4.497934503192429,0.017137429609647717,4.497967150447249,5.286898162548118e-12,1.0941282184583741e-8,0.03331336067583059
6,0.029088820866572156,320,8,7,14,4.551534613453265,0.0995075415011897,4.552622221124742,5.286898162548118e-12,1.0941282184583741e-8,0.03331336067583059
6,0.029088820866572156,320,8,9,14,4.551534613514562,0.09950754140964677,4.552622221184023,5.286898162548118e-12,1.0941282184583741e-8,0.03331336067583059
6,0.029088820866572156,320,8,7,15,4.556075428957923,0.10626295821887113,4.55731446475263,5.286898162548118e-12,1.0941282184583741e-8,0.03331336067583059
6,0.029088820866572156,320,8,9,15,4.556075428960288,0.10626295821913997,4.557314464755,5.286898162548118e-12,1.0941282184583741e-8,0.03331336067583059
6,0.029088820866572156,320,8,8,14,4.73820676754265,-0.025811295975240886,4.738277070305924,5.286898162548118e-12,1.0941282184583741e-8,0.03331336067583059
6,0.029088820866572156,320,8,6,5,4.740708428366766,-0.025638147787902778,4.740777754483929,5.286898162548118e-12,1.0941282184583741e-8,0.03331336067583059
6,0.029088820866572156,320,8,10,5,4.740708428368331,-0.025638147784547552,4.7407777544854754,5.286898162548118e-12,1.0941282184583741e-8,0.03331336067583059
6,0.029088820866572156,320,8,8,15,4.74070858735918,-0.02563820224696159,4.740777913768533,5.286898162548118e-12,1.0941282184583741e-8,0.03331336067583059
6,0.029088820866572156,320,8,8,16,4.745668024189797,-0.019408475495382466,4.745707711684164,5.286898162548118e-12,1.0941282184583741e-8,0.03331336067583059
6,0.029088820866572156,320,8,6,6,4.748377276839045,-0.01896248760606429,4.74841513972163,5.286898162548118e-12,1.0941282184583741e-8,0.03331336067583059
6,0.029088820866572156,320,8,10,6,4.748377276847297,-0.01896248760377621,4.7484151397298735,5.286898162548118e-12,1.0941282184583741e-8,0.03331336067583059
6,0.029088820866572156,320,8,8,17,4.748377967267231,-0.01896246215317346,4.748415830042667,5.286898162548118e-12,1.0941282184583741e-8,0.03331336067583059
6,0.029088820866572156,320,8,8,18,4.8247190893725715,0.05968989771350294,4.825088307507453,5.286898162548118e-12,1.0941282184583741e-8,0.03331336067583059
6,0.029088820866572156,320,8,6,7,4.8265598397723855,0.059303862440338834,4.826924158820395,5.286898162548118e-12,1.0941282184583741e-8,0.03331336067583059
6,0.029088820866572156,320,8,10,7,4.826559839778398,0.05930386243505523,4.826924158826342,5.286898162548118e-12,1.0941282184583741e-8,0.03331336067583059
6,0.029088820866572156,320,8,8,19,4.826560350878506,0.05930371806534687,4.826924668114143,5.286898162548118e-12,1.0941282184583741e-8,0.03331336067583059
6,0.029088820866572156,320,8,8,20,4.830082353242094,0.0661691710272288,4.830535570544442,5.286898162548118e-12,1.0941282184583741e-8,0.03331336067583059
6,0.029088820866572156,320,8,6,8,4.832148467300367,0.06593630514578272,4.832598307988112,5.286898162548118e-12,1.0941282184583741e-8,0.03331336067583059
6,0.029088820866572156,320,8,10,8,4.832148467305192,0.0659363051449465,4.832598307992925,5.286898162548118e-12,1.0941282184583741e-8,0.03331336067583059
6,0.029088820866572156,320,8,8,21,4.832148560718279,0.06593624579769758,4.832598400587579,5.286898162548118e-12,1.0941282184583741e-8,0.03331336067583059
6,0.029088820866572156,320,8,7,16,5.0900155471678765,0.022824424056397938,5.090066721050344,5.286898162548118e-12,1.0941282184583741e-8,0.03331336067583059
6,0.029088820866572156,320,8,9,16,5.090015547171298,0.022824424055898684,5.090066721053764,5.286898162548118e-12,1.0941282184583741e-8,0.03331336067583059
6,0.029088820866572156,320,8,9,17,5.096453079345478,0.02927653413837336,5.0965371680604035,5.286898162548118e-12,1.0941282184583741e-8,0.03331336067583059
6,0.029088820866572156,320,8,7,17,5.096453079368493,0.029276534113555797,5.096537168083276,5.286898162548118e-12,1.0941282184583741e-8,0.03331336067583059
7,0.01679443855772424,320,9,9,0,0.0,0.0,0.0,1.2932542740324459e-11,1.999163733117008e-6,0.03561838109308607
7,0.01679443855772424,320,9,8,0,0.18600542725239233,0.14285044316269482,0.23452988738990885,1.2932542740324459e-11,1.999163733117008e-6,0.03561838109308607
7,0.01679443855772424,320,9,10,0,0.18600542727029534,0.1428504431556528,0.23452988739981845,1.2932542740324459e-11,1.999163733117008e-6,0.03561838109308607
7,0.01679443855772424,320,9,9,1,0.2867739091671413,0.286144405020595,0.4051146695734359,1.2932542740324459e-11,1.999163733117008e-6,0.03561838109308607
7,0.01679443855772424,320,9,8,1,2.106465265799459,-0.005137462952782612,2.1064715306752135,1.2932542740324459e-11,1.999163733117008e-6,0.03561838109308607
7,0.01679443855772424,320,9,10,1,2.1064652657999865,-0.005137462953677729,2.1064715306757433,1.2932542740324459e-11,1.999163733117008e-6,0.03561838109308607
7,0.01679443855772424,320,9,10,2,2.1222636466995586,0.0073520632477121345,2.122276381373667,1.2932542740324459e-11,1.999163733117008e-6,0.03561838109308607
7,0.01679443855772424,320,9,8,2,2.1222636467003637,0.007352063246147247,2.122276381374467,1.2932542740324459e-11,1.999163733117008e-6,0.03561838109308607
7,0.01679443855772424,320,9,9,2,2.289344012453401,0.1381283340735392,2.2935072365332028,1.2932542740324459e-11,1.999163733117008e-6,0.03561838109308607
7,0.01679443855772424,320,9,7,0,2.295623333180278,0.13729486028145543,2.2997252806588517,1.2932542740324459e-11,1.999163733117008e-6,0.03561838109308607
7,0.01679443855772424,320,9,11,0,2.2956233331977263,0.13729486027518378,2.2997252806758945,1.2932542740324459e-11,1.999163733117008e-6,0.03561838109308607
7,0.01679443855772424,320,9,9,3,2.2956233616836075,0.1372948556949088,2.2997253088375214,1.2932542740324459e-11,1.999163733117008e-6,0.03561838109308607
7,0.01679443855772424,320,9,9,4,2.3000323964246316,0.1489914316703225,2.304853025968035,1.2932542740324459e-11,1.999163733117008e-6,0.03561838109308607
7,0.01679443855772424,320,9,9,5,2.3082944271454093,0.15017847970801862,2.3131746017449624,1.2932542740324459e-11,1.999163733117008e-6,0.03561838109308607
7,0.01679443855772424,320,9,7,1,2.3082945213093895,0.15017841262169607,2.313174691354831,1.2932542740324459e-11,1.999163733117008e-6,0.03561838109308607
7,0.01679443855772424,320,9,11,1,2.308294521328423,0.15017841261527812,2.3131746913734075,1.2932542740324459e-11,1.999163733117008e-6,0.03561838109308607
7,0.01679443855772424,320,9,8,3,2.3964228410797714,0.2805653301356619,2.412790777859319,1.2932542740324459e-11,1.999163733117008e-6,0.03561838109308607
7,0.01679443855772424,320,9,10,3,2.396422841082924,0.2805653301313556,2.4127907778619493,1.2932542740324459e-11,1.999163733117008e-6,0.03561838109308607
7,0.01679443855772424,320,9,10,4,2.4049171646920904,0.29287524104912666,2.422684972473769,1.2932542740324459e-11,1.999163733117008e-6,0.03561838109308607
7,0.01679443855772424,320,9,8,4,2.4049171646926633,0.2928752410463509,2.422684972474002,1.2932542740324459e-11,1.999163733117008e-6,0.03561838109308607
7,0.01679443855772424,320,9,9,6,4.21281761681062,-0.010245795468050906,4.212830075950689,1.2932542740324459e-11,1.999163733117008e-6,0.03561838109308607
7,0.01679443855772424,320,9,9,7,4.228541800782395,0.002235283633972532,4.228542391588022,1.2932542740324459e-11,1.999163733117008e-6,0.03561838109308607
7,0.01679443855772424,320,9,11,2,4.22891988327826,0.002193141155791084,4.228920451965766,1.2932542740324459e-11,1.999163733117008e-6,0.03561838109308607
7,0.01679443855772424,320,9,7,2,4.228919883278352,0.0021931411553808428,4.228920451965858,1.2932542740324459e-11,1.999163733117008e-6,0.03561838109308607
7,0.01679443855772424,320,9,9,8,4.228919887918604,0.0021931418797091345,4.228920456606485,1.2932542740324459e-11,1.999163733117008e-6,0.03561838109308607
7,0.01679443855772424,320,9,9,9,4.24431207785932,0.01464149468967113,4.244337331978838,1.2932542740324459e-11,1.999163733117008e-6,0.03561838109308607
7,0.01679443855772424,320,9,8,5,4.401997650195224,0.1321865812741877,4.403981903299925,1.2932542740324459e-11,1.999163733117008e-6,0.03561838109308607
7,0.01679443855772424,320,9,10,5,4.4019976502116736,0.1321865812713296,4.403981903316281,1.2932542740324459e-11,1.999163733117008e-6,0.03561838109308607
7,0.01679443855772424,320,9,10,6,4.40712452473815,0.14414700253534501,4.409481254624901,1.2932542740324459e-11,1.999163733117008e-6,0.03561838109308607
7,0.01679443855772424,320,9,8,6,4.407124524742827,0.14414700253264123,4.409481254629487,1.2932542740324459e-11,1.999163733117008e-6,0.03561838109308607
7,0.01679443855772424,320,9,8,7,4.414125568727902,0.14474470416959492,4.416498111160308,1.2932542740324459e-11,1.999163733117008e-6,0.03561838109308607
7,0.01679443855772424,320,9,10,7,4.4141255687444385,0.14474470416313578,4.416498111176624,1.2932542740324459e-11,1.999163733117008e-6,0.03561838109308607
7,0.01679443855772424,320,9,6,0,4.418079916195386,0.14462528986892262,4.420446427721831,1.2932542740324459e-11,1.999163733117008e-6,0.03561838109308607
7,0.01679443855772424,320,9,12,0,4.418079916213626,0.14462528986341103,4.420446427739882,1.2932542740324459e-11,1.999163733117008e-6,0.03561838109308607
7,0.01679443855772424,320,9,8,8,4.418080333254525,0.14462528576790767,4.420446844423521,1.2932542740324459e-11,1.999163733117008e-6,0.03561838109308607
7,0.01679443855772424,320,9,10,8,4.4180803332606144,0.14462528576607,4.420446844429547,1.2932542740324459e-11,1.999163733117008e-6,0.03561838109308607
7,0.01679443855772424,320,9,8,9,4.4262440265217995,0.15685363430910215,4.42902238026812,1.2932542740324459e-11,1.999163733117008e-6,0.03561838109308607
7,0.01679443855772424,320,9,10,9,4.426244026542611,0.15685363429847163,4.429022380288543,1.2932542740324459e-11,1.999163733117008e-6,0.03561838109308607
7,0.01679443855772424,320,9,9,10,4.50595375773899,0.2750191319482055,4.514338798741147,1.2932542740324459e-11,1.999163733117008e-6,0.03561838109308607
7,0.01679443855772424,320,9,9,11,4.514438286285876,0.28726966827479156,4.523569044791343,1.2932542740324459e-11,1.999163733117008e-6,0.03561838109308607
7,0.01679443855772424,320,9,9,12,4.514697026874061,0.28732254811000446,4.523830621400177,1.2932542740324459e-11,1.999163733117008e-6,0.03561838109308607
7,0.01679443855772424,320,9,7,3,4.514697037250441,0.2873225384292796,4.523830631140754,1.2932542740324459e-11,1.999163733117008e-6,0.03561838109308607
7,0.01679443855772424,320,9,11,3,4.514697037252908,0.28732253842816635,4.523830631143146,1.2932542740324459e-11,1.999163733117008e-6,0.03561838109308607
7,0.01679443855772424,320,9,9,13,4.5228841686955,0.2995508576421299,4.532792949137487,1.2932542740324459e-11,1.999163733117008e-6,0.03561838109308607
7,0.01679443855772424,320,9,10,10,6.335275710183327,-0.002915056760846385,6.335276380837286,1.2932542740324459e-11,1.999163733117008e-6,0.03561838109308607
7,0.01679443855772424,320,9,8,10,6.3352757101850905,-0.0029150567625597784,6.33527638083905,1.2932542740324459e-11,1.999163733117008e-6,0.03561838109308607
7,0.01679443855772424,320,9,8,11,6.350967480516542,0.009481579311574423,6.350974558201668,1.2932542740324459e-11,1.999163733117008e-6,0.03561838109308607
7,0.01679443855772424,320,9,10,11,6.350967480518006,0.009481579310584631,6.350974558203131,1.2932542740324459e-11,1.999163733117008e-6,0.03561838109308607
7,0.01679443855772424,320,9,9,14,6.516138959519128,0.13832978585969366,6.517607081546034,1.2932542740324459e-11,1.999163733117008e-6,0.03561838109308607
7,0.01679443855772424,320,9,7,4,6.524434299283537,0.13951710875779222,6.525925830815394,1.2932542740324459e-11,1.999163733117008e-6,0.03561838109308607
7,0.01679443855772424,320,9,11,4,6.5244342993000615,0.13951710875561993,6.525925830831868,1.2932542740324459e-11,1.999163733117008e-6,0.03561838109308607
7,0.01679443855772424,320,9,9,15,6.524434396835808,0.1395171056945126,6.52592592827988,1.2932542740324459e-11,1.999163733117008e-6,0.03561838109308607
7,0.01679443855772424,320,9,9,16,6.529698526984465,0.1521331918988047,6.531470535903871,1.2932542740324459e-11,1.999163733117008e-6,0.03561838109308607
7,0.01679443855772424,320,9,9,17,6.5360376418464075,0.15130047602003635,6.537788608518712,1.2932542740324459e-11,1.999163733117008e-6,0.03561838109308607
7,0.01679443855772424,320,9,7,5,6.536037684068365,0.15130039641965048,6.537788648887214,1.2932542740324459e-11,1.999163733117008e-6,0.03561838109308607
7,0.01679443855772424,320,9,11,5,6.536037684088617,0.15130039641020276,6.537788648907242,1.2932542740324459e-11,1.999163733117008e-6,0.03561838109308607
7,0.01679443855772424,320,9,10,12,6.624226708530898,0.28177591875495,6.630216976419723,1.2932542740324459e-11,1.999163733117008e-6,0.03561838109308607
7,0.01679443855772424,320,9,8,12,6.624226708534888,0.28177591874747243,6.630216976423391,1.2932542740324459e-11,1.999163733117008e-6,0.03561838109308607
7,0.01679443855772424,320,9,8,13,6.632664020840634,0.29399825394412754,6.639176679881026,1.2932542740324459e-11,1.999163733117008e-6,0.03561838109308607
7,0.01679443855772424,320,9,10,13,6.6326640208472964,0.29399825393473444,6.639176679887266,1.2932542740324459e-11,1.999163733117008e-6,0.03561838109308607
7,0.01679443855772424,320,9,10,14,6.725500375578205,-0.005333086579699248,6.725502490053442,1.2932542740324459e-11,1.999163733117008e-6,0.03561838109308607
7,0.01679443855772424,320,9,8,14,6.725500375592533,-0.005333086574009299,6.725502490067766,1.2932542740324459e-11,1.999163733117008e-6,0.03561838109308607
7,0.01679443855772424,320,9,8,15,6.7402009334816935,0.0060399904138765115,6.740203639742028,1.2932542740324459e-11,1.999163733117008e-6,0.03561838109308607
7,0.01679443855772424,320,9,10,15,6.740200933484351,0.0060399903979250075,6.740203639744672,1.2932542740324459e-11,1.999163733117008e-6,0.03561838109308607
7,0.01679443855772424,320,9,9,18,6.908313949062762,0.13767371816812446,6.909685642016529,1.2932542740324459e-11,1.999163733117008e-6,0.03561838109308607
7,0.01679443855772424,320,9,7,6,6.914721505341251,0.13736265730129557,6.916085742387065,1.2932542740324459e-11,1.999163733117008e-6,0.03561838109308607
7,0.01679443855772424,320,9,11,6,6.914721505357276,0.1373626572962851,6.916085742402988,1.2932542740324459e-11,1.999163733117008e-6,0.03561838109308607
7,0.01679443855772424,320,9,9,19,6.914722396929777,0.1373623664928854,6.916086628023886,1.2932542740324459e-11,1.999163733117008e-6,0.03561838109308607
7,0.01679443855772424,320,9,9,20,6.9191788491534485,0.14855480854282443,6.920773401702561,1.2932542740324459e-11,1.999163733117008e-6,0.03561838109308607
7,0.01679443855772424,320,9,7,7,6.9262290668198965,0.14887192461677679,6.927828803889421,1.2932542740324459e-11,1.999163733117008e-6,0.03561838109308607
7,0.01679443855772424,320,9,11,7,6.9262290668326205,0.14887192461956694,6.927828803902202,1.2932542740324459e-11,1.999163733117008e-6,0.03561838109308607
7,0.01679443855772424,320,9,9,21,6.9262299631745,0.14887169655665852,6.9278296951362695,1.2932542740324459e-11,1.999163733117008e-6,0.03561838109308607
7,0.01679443855772424,320,9,8,16,7.015528862104189,0.2806392453446791,7.021139765098294,1.2932542740324459e-11,1.999163733117008e-6,0.03561838109308607
7,0.01679443855772424,320,9,10,16,7.015528862153896,0.28063924528783935,7.021139765145689,1.2932542740324459e-11,1.999163733117008e-6,0.03561838109308607
7,0.01679443855772424,320,9,10,17,7.02345800799762,0.29200699606258046,7.029525622391271,1.2932542740324459e-11,1.999163733117008e-6,0.03561838109308607
7,0.01679443855772424,320,9,8,17,7.02345800803756,0.292006995983488,7.029525622427891,1.2932542740324459e-11,1.999163733117008e-6,0.03561838109308607
7,0.01679443855772424,320,9,9,22,8.457512821702101,0.004351904738009282,8.457513941361864,1.2932542740324459e-11,1.999163733117008e-6,0.03561838109308607
7,0.01679443855772424,320,9,8,18,8.64253627116592,0.1461947636444855,8.643772677907233,1.2932542740324459e-11,1.999163733117008e-6,0.03561838109308607
7,0.01679443855772424,320,9,10,18,8.642536271183985,0.1461947636388375,8.6437726779252,1.2932542740324459e-11,1.999163733117008e-6,0.03561838109308607
7,0.01679443855772424,320,9,9,23,8.74232448551788,0.28847781079193263,8.747082762693216,1.2932542740324459e-11,1.999163733117008e-6,0.03561838109308607
8,0.009696273622190719,320,10,10,0,0.0,0.0,0.0,1.2387094367482708e-11,0.0006405904127621076,0.029806174966159043
8,0.009696273622190719,320,10,9,0,0.16263751393052683,-0.07281732626022305,0.17819462377184694,1.2387094367482708e-11,0.0006405904127621076,0.029806174966159043
8,0.009696273622190719,320,10,11,0,0.16263751393546733,-0.07281732626918747,0.17819462378001932,1.2387094367482708e-11,0.0006405904127621076,0.029806174966159043
8,0.009696273622190719,320,10,10,1,0.3207418407821171,-0.1345513704546648,0.3478209305368632,1.2387094367482708e-11,0.0006405904127621076,0.029806174966159043
8,0.009696273622190719,320,10,9,1,0.4500328942065706,0.2035490534577952,0.4939249163906461,1.2387094367482708e-11,0.0006405904127621076,0.029806174966159043
8,0.009696273622190719,320,10,11,1,0.4500328942311679,0.20354905345675758,0.49392491641263,1.2387094367482708e-11,0.0006405904127621076,0.029806174966159043
8,0.009696273622190719,320,10,10,2,0.5811113218240925,0.14043801365081346,0.5978404503128992,1.2387094367482708e-11,0.0006405904127621076,0.029806174966159043
8,0.009696273622190719,320,10,10,3,0.6483339328723896,0.11633119059911098,0.6586879643806974,1.2387094367482708e-11,0.0006405904127621076,0.029806174966159043
8,0.009696273622190719,320,10,8,0,0.6483339510234509,0.11633117634765952,0.6586879797294837,1.2387094367482708e-11,0.0006405904127621076,0.029806174966159043
8,0.009696273622190719,320,10,12,0,0.6483339510547159,0.11633117633565801,0.6586879797581376,1.2387094367482708e-11,0.0006405904127621076,0.029806174966159043
8,0.009696273622190719,320,10,9,2,0.8064378713431268,0.054597920214186274,0.8082839681870154,1.2387094367482708e-11,0.0006405904127621076,0.029806174966159043
8,0.009696273622190719,320,10,11,2,0.8064378713681905,0.0545979202106423,0.8082839682117825,1.2387094367482708e-11,0.0006405904127621076,0.029806174966159043
8,0.009696273622190719,320,10,10,4,0.8240767184149065,0.3678414687982686,0.9024465546508273,1.2387094367482708e-11,0.0006405904127621076,0.029806174966159043
8,0.009696273622190719,320,10,9,3,1.0223732942406447,0.2806221367822521,1.060186746016335,1.2387094367482708e-11,0.0006405904127621076,0.029806174966159043
8,0.009696273622190719,320,10,11,3,1.022373294249182,0.28062213677136727,1.0601867460216867,1.2387094367482708e-11,0.0006405904127621076,0.029806174966159043
8,0.009696273622190719,320,10,10,5,1.2120307473331349,0.20918190909477227,1.2299494313074222,1.2387094367482708e-11,0.0006405904127621076,0.029806174966159043
8,0.009696273622190719,320,10,9,4,3.8459459636655158,-0.008368283213610023,3.845955067808127,1.2387094367482708e-11,0.0006405904127621076,0.029806174966159043
8,0.009696273622190719,320,10,11,4,3.8459459636726727,-0.008368283223873826,3.8459550678153063,1.2387094367482708e-11,0.0006405904127621076,0.029806174966159043
8,0.009696273622190719,320,10,11,5,3.8663776925519056,0.011359116402609948,3.8663943786153587,1.2387094367482708e-11,0.0006405904127621076,0.029806174966159043
8,0.009696273622190719,320,10,9,5,3.8663776925562443,0.011359116401525815,3.8663943786196944,1.2387094367482708e-11,0.0006405904127621076,0.029806174966159043
8,0.009696273622190719,320,10,10,6,4.006703112254889,-0.07951380105690833,4.007492017997232,1.2387094367482708e-11,0.0006405904127621076,0.029806174966159043
8,0.009696273622190719,320,10,12,1,4.008550415167894,-0.0810532245902608,4.009369782915911,1.2387094367482708e-11,0.0006405904127621076,0.029806174966159043
8,0.009696273622190719,320,10,8,1,4.008551012688822,-0.08105309158627903,4.0093703776259275,1.2387094367482708e-11,0.0006405904127621076,0.029806174966159043
8,0.009696273622190719,320,10,10,7,4.008551018640397,-0.08105309872136227,4.009370383720529,1.2387094367482708e-11,0.0006405904127621076,0.029806174966159043
8,0.009696273622190719,320,10,10,8,4.027664376842706,-0.06094280900500701,4.028125414936477,1.2387094367482708e-11,0.0006405904127621076,0.029806174966159043
8,0.009696273622190719,320,10,10,9,4.030553926676223,-0.062270277329662616,4.03103492211167,1.2387094367482708e-11,0.0006405904127621076,0.029806174966159043
8,0.009696273622190719,320,10,8,2,4.030553944257218,-0.06227031967539401,4.031034940344711,1.2387094367482708e-11,0.0006405904127621076,0.029806174966159043
8,0.009696273622190719,320,10,12,2,4.030553944261595,-0.06227031968294325,4.031034940349205,1.2387094367482708e-11,0.0006405904127621076,0.029806174966159043
8,0.009696273622190719,320,10,11,6,4.1657304991798,-0.14202001168669312,4.168150702111942,1.2387094367482708e-11,0.0006405904127621076,0.029806174966159043
8,0.009696273622190719,320,10,9,6,4.165731411901405,-0.14202000768660583,4.1681516141672885,1.2387094367482708e-11,0.0006405904127621076,0.029806174966159043
8,0.009696273622190719,320,10,11,7,4.18865829905391,-0.12399177809154244,4.190493086412086,1.2387094367482708e-11,0.0006405904127621076,0.029806174966159043
8,0.009696273622190719,320,10,9,7,4.188658299058744,-0.12399177811233206,4.190493086417534,1.2387094367482708e-11,0.0006405904127621076,0.029806174966159043
8,0.009696273622190719,320,10,10,10,4.293138629383733,0.19448324678468568,4.297541509326786,1.2387094367482708e-11,0.0006405904127621076,0.029806174966159043
8,0.009696273622190719,320,10,8,3,4.299682242250377,0.19547216514637875,4.304123226822187,1.2387094367482708e-11,0.0006405904127621076,0.029806174966159043
8,0.009696273622190719,320,10,12,3,4.2996822422734,0.19547216514317492,4.304123226845042,1.2387094367482708e-11,0.0006405904127621076,0.029806174966159043
8,0.009696273622190719,320,10,10,11,4.29968229274467,0.1954721794171487,4.304123277912489,1.2387094367482708e-11,0.0006405904127621076,0.029806174966159043
8,0.009696273622190719,320,10,10,12,4.30799840989071,0.21149626876456204,4.313186869511014,1.2387094367482708e-11,0.0006405904127621076,0.029806174966159043
8,0.009696273622190719,320,10,10,13,4.315843181541107,0.21499133665558764,4.32119470083122,1.2387094367482708e-11,0.0006405904127621076,0.029806174966159043
8,0.009696273622190719,320,10,8,4,4.315843289572675,0.21499130431229077,4.321194807119831,1.2387094367482708e-11,0.0006405904127621076,0.029806174966159043
8,0.009696273622190719,320,10,12,4,4.315843289598269,0.21499130431316907,4.321194807145436,1.2387094367482708e-11,0.0006405904127621076,0.029806174966159043
8,0.009696273622190719,320,10,9,8,4.428753959316941,0.13254843399535912,4.430737040213525,1.2387094367482708e-11,0.0006405904127621076,0.029806174966159043
8,0.009696273622190719,320,10,11,8,4.428753959317246,0.13254843398255586,4.430737040213446,1.2387094367482708e-11,0.0006405904127621076,0.029806174966159043
8,0.009696273622190719,320,10,11,9,4.445650820211517,0.15034967014730125,4.4481924686956535,1.2387094367482708e-11,0.0006405904127621076,0.029806174966159043
8,0.009696273622190719,320,10,9,9,4.44565082021628,0.15034967015843556,4.448192468700791,1.2387094367482708e-11,0.0006405904127621076,0.029806174966159043
8,0.009696273622190719,320,10,9,10,4.491050457907687,0.10923762770854598,4.492378776859788,1.2387094367482708e-11,0.0006405904127621076,0.029806174966159043
8,0.009696273622190719,320,10,11,10,4.491050457926974,0.10923762770363302,4.492378776878949,1.2387094367482708e-11,0.0006405904127621076,0.029806174966159043
8,0.009696273622190719,320,10,7,0,4.4979738297271945,0.1082705703395978,4.49927672957692,1.2387094367482708e-11,0.0006405904127621076,0.029806174966159043
8,0.009696273622190719,320,10,13,0,4.497973829757658,0.10827057032888338,4.499276729607117,1.2387094367482708e-11,0.0006405904127621076,0.029806174966159043
8,0.009696273622190719,320,10,9,11,4.4979740074340935,0.10827056469054014,4.49927690709642,1.2387094367482708e-11,0.0006405904127621076,0.029806174966159043
8,0.009696273622190719,320,10,11,11,4.49797400744424,0.10827056468696533,4.499276907106478,1.2387094367482708e-11,0.0006405904127621076,0.029806174966159043
8,0.009696273622190719,320,10,9,12,4.507181101979971,0.12573335727843535,4.508934504201397,1.2387094367482708e-11,0.0006405904127621076,0.029806174966159043
8,0.009696273622190719,320,10,11,12,4.507181102003319,0.12573335726908605,4.508934504224475,1.2387094367482708e-11,0.0006405904127621076,0.029806174966159043
8,0.009696273622190719,320,10,7,1,4.516283186775977,0.12685972264232612,4.518064542742198,1.2387094367482708e-11,0.0006405904127621076,0.029806174966159043
8,0.009696273622190719,320,10,13,1,4.5162831868088915,0.126859722631308,4.518064542774789,1.2387094367482708e-11,0.0006405904127621076,0.029806174966159043
8,0.009696273622190719,320,10,9,13,4.516283223956203,0.12685980055038207,4.518064582095294,1.2387094367482708e-11,0.0006405904127621076,0.029806174966159043
8,0.009696273622190719,320,10,11,13,4.516283223967193,0.12685980054671533,4.518064582106176,1.2387094367482708e-11,0.0006405904127621076,0.029806174966159043
8,0.009696273622190719,320,10,10,14,4.647740064809449,0.04694712875317919,4.647977166782676,1.2387094367482708e-11,0.0006405904127621076,0.029806174966159043
8,0.009696273622190719,320,10,12,5,4.65515958464666,0.04730381586613794,4.655399919397168,1.2387094367482708e-11,0.0006405904127621076,0.029806174966159043
8,0.009696273622190719,320,10,8,5,4.655159929073035,0.04730368622363304,4.655400262488458,1.2387094367482708e-11,0.0006405904127621076,0.029806174966159043
8,0.009696273622190719,320,10,10,15,4.655159969411932,0.04730368563955392,4.655400302819339,1.2387094367482708e-11,0.0006405904127621076,0.029806174966159043
8,0.009696273622190719,320,10,10,16,4.665211197842465,0.06213904998613595,4.665625015151551,1.2387094367482708e-11,0.0006405904127621076,0.029806174966159043
8,0.009696273622190719,320,10,9,14,4.673758012739408,0.3597513551567486,4.68758306584352,1.2387094367482708e-11,0.0006405904127621076,0.029806174966159043
8,0.009696273622190719,320,10,11,14,4.673758012744786,0.3597513551764322,4.687583065850393,1.2387094367482708e-11,0.0006405904127621076,0.029806174966159043
8,0.009696273622190719,320,10,10,17,4.674386433823039,0.06513874980689074,4.674840274216358,1.2387094367482708e-11,0.0006405904127621076,0.029806174966159043
8,0.009696273622190719,320,10,8,6,4.67438652784319,0.0651386922739352,4.674840367425723,1.2387094367482708e-11,0.0006405904127621076,0.029806174966159043
8,0.009696273622190719,320,10,12,6,4.67438652787022,0.065138692272637,4.674840367452732,1.2387094367482708e-11,0.0006405904127621076,0.029806174966159043
8,0.009696273622190719,320,10,11,15,4.685970972170149,0.3775287751978488,4.701154318688511,1.2387094367482708e-11,0.0006405904127621076,0.029806174966159043
8,0.009696273622190719,320,10,9,15,4.685970972171443,0.37752877519297834,4.70115431868941,1.2387094367482708e-11,0.0006405904127621076,0.029806174966159043
8,0.009696273622190719,320,10,10,18,4.869334455202075,0.27471670935516423,4.877077742564396,1.2387094367482708e-11,0.0006405904127621076,0.029806174966159043
8,0.009696273622190719,320,10,8,7,4.872045188041128,0.27254787314009243,4.879662555696644,1.2387094367482708e-11,0.0006405904127621076,0.029806174966159043
8,0.009696273622190719,320,10,12,7,4.87204518805414,0.2725478731252884,4.8796625557088085,1.2387094367482708e-11,0.0006405904127621076,0.029806174966159043
8,0.009696273622190719,320,10,10,19,4.872045216667943,0.27254784543237665,4.879662582731188,1.2387094367482708e-11,0.0006405904127621076,0.029806174966159043
8,0.009696273622190719,320,10,10,20,4.882182684253282,0.29121446177598564,4.890860213210971,1.2387094367482708e-11,0.0006405904127621076,0.029806174966159043
8,0.009696273622190719,320,10,10,21,4.886406473506142,0.2893972870338476,4.89496874495285,1.2387094367482708e-11,0.0006405904127621076,0.029806174966159043
8,0.009696273622190719,320,10,8,8,4.886406512914676,0.2893972138231773,4.894968779964136,1.2387094367482708e-11,0.0006405904127621076,0.029806174966159043
8,0.009696273622190719,320,10,12,8,4.886406512921414,0.2893972138151347,4.8949687799703865,1.2387094367482708e-11,0.0006405904127621076,0.029806174966159043
8,0.009696273622190719,320,10,9,16,5.060428692456379,0.20203230391323504,5.06446005051479,1.2387094367482708e-11,0.0006405904127621076,0.029806174966159043
8,0.009696273622190719,320,10,11,16,5.060428692459058,0.20203230390763552,5.064460050517243,1.2387094367482708e-11,0.0006405904127621076,0.029806174966159043
8,0.009696273622190719,320,10,9,17,5.075907856055289,0.21814028201488975,5.080593050599638,1.2387094367482708e-11,0.0006405904127621076,0.029806174966159043
8,0.009696273622190719,320,10,11,17,5.075907856060419,0.21814028200758687,5.08059305060445,1.2387094367482708e-11,0.0006405904127621076,0.029806174966159043
