beta0,control_gamma_pt_zero,threshold,max_step,threshold_reached,operational_RG_scale,log_scale_at_stop,gmax_at_stop,exchange_trace_real_at_stop,exchange_00_real_at_stop,exchange_00_imag_at_stop,exchange_01_real_at_stop,exchange_01_imag_at_stop,exchange_10_real_at_stop,exchange_10_imag_at_stop,exchange_11_real_at_stop,exchange_11_imag_at_stop,exchange_hermiticity_error,g_hermiticity_error,solver_function_evaluations,solver_status
0.35,0,0.2,0.02,1,0.2588602950915047,1.1099022887323675,0.19999999999999998,0.5451572692475184,0.2568594988990041,0.0,0.0,-6.0763133538574616e-21,0.0,6.0763133538574616e-21,0.2882977703485143,0.0,0.0,0.0,338,1
0.35,0,0.2,0.01,1,0.25886029509181396,1.109902288731173,0.20000000000000007,0.5451572692484132,0.2568594988993947,0.0,0.0,-4.515471612653652e-20,0.0,4.515471612653652e-20,0.28829777034901855,0.0,0.0,0.0,668,1
0.35,0,0.2,0.005,1,0.25886029509181413,1.1099022887311722,0.20000000000000004,0.5451572692484139,0.2568594988993951,0.0,0.0,7.068254635684755e-20,0.0,-7.068254635684755e-20,0.28829777034901877,0.0,0.0,0.0,1334,1
0.35,0,0.25,0.02,1,0.22934589178516315,1.2309594952546061,0.24999999999999992,0.5677646897848728,0.263387489558232,0.0,0.0,-8.56226189608165e-20,0.0,8.56226189608165e-20,0.30437720022664083,0.0,0.0,0.0,374,1
0.35,0,0.25,0.01,1,0.22934589178538461,1.2309594952536405,0.24999999999999997,0.5677646897855688,0.2633874895585395,0.0,0.0,-5.9352200506082e-20,0.0,5.9352200506082e-20,0.3043772002270293,0.0,0.0,0.0,746,1
0.35,0,0.25,0.005,1,0.22934589178537468,1.2309594952536838,0.25000000000000006,0.5677646897855392,0.2633874895585272,0.0,0.0,2.4764110484815867e-20,0.0,-2.4764110484815867e-20,0.304377200227012,0.0,0.0,0.0,1484,1
0.35,0,0.3,0.02,1,0.20727353172921753,1.3321514734193285,0.30000000000000004,0.5925529775850282,0.27079856519168394,0.0,0.0,-3.2923617659621496e-20,0.0,3.2923617659621496e-20,0.32175441239334435,0.0,0.0,0.0,404,1
0.35,0,0.3,0.01,1,0.20727353172931184,1.3321514734188735,0.30000000000000004,0.5925529775853069,0.2707985651917897,0.0,0.0,-8.081005083449887e-20,0.0,8.081005083449887e-20,0.3217544123935172,0.0,0.0,0.0,806,1
0.35,0,0.3,0.005,1,0.20727353172926966,1.3321514734190771,0.30000000000000004,0.5925529775851738,0.27079856519173395,0.0,0.0,1.8776612594075088e-20,0.0,-1.8776612594075088e-20,0.3217544123934398,0.0,0.0,0.0,1604,1
0.35,0,0.4,0.02,1,0.1758019684814,1.4968326212456708,0.39999999999999986,0.6493444012552739,0.28852265714597575,0.0,0.0,2.1226312049276172e-19,0.0,-2.1226312049276172e-19,0.3608217441092982,0.0,0.0,0.0,458,1
0.35,0,0.4,0.01,1,0.17580196847862017,1.496832621261483,0.39999999999999997,0.6493444012458489,0.28852265714176184,0.0,0.0,-2.6405810455128246e-19,0.0,2.6405810455128246e-19,0.360821744104087,0.0,0.0,0.0,902,1
0.35,0,0.4,0.005,1,0.17580196847866297,1.4968326212612397,0.3999999999999999,0.6493444012460481,0.28852265714188097,0.0,0.0,1.4765661823214665e-20,0.0,-1.4765661823214665e-20,0.3608217441041672,0.0,0.0,0.0,1802,1
0.35,0,0.5,0.02,1,0.15407003293453003,1.6287835453545665,0.49999999999999994,0.7166333656726585,0.310491468167759,0.0,0.0,3.569347147245096e-19,0.0,-3.569347147245096e-19,0.40614189750489943,0.0,0.0,0.0,494,1
0.35,0,0.5,0.01,1,0.154070032936913,1.6287835453390995,0.5000000000000001,0.7166333656837075,0.310491468174581,0.0,0.0,-2.333082415971016e-19,0.0,2.333082415971016e-19,0.4061418975091265,0.0,0.0,0.0,980,1
0.35,0,0.5,0.005,1,0.15407003293695865,1.6287835453388033,0.5,0.7166333656839137,0.31049146817470635,0.0,0.0,-5.692542511392893e-20,0.0,5.692542511392893e-20,0.4061418975092074,0.0,0.0,0.0,1958,1
0.35,0,0.6,0.02,1,0.13811003533933364,1.7381400787436752,0.5999999999999998,0.7949048988292902,0.3369967066581805,0.0,0.0,4.592503002120949e-19,0.0,-4.592503002120949e-19,0.4579081921711097,0.0,0.0,0.0,530,1
0.35,0,0.6,0.01,1,0.13811003532844554,1.7381400788225114,0.6000000000000003,0.7949048987928918,0.3369967066386626,0.0,0.0,-2.853872452867485e-19,0.0,2.853872452867485e-19,0.45790819215422923,0.0,0.0,0.0,1046,1
0.35,0,0.6,0.005,1,0.13811003532856317,1.7381400788216597,0.6,0.7949048987935299,0.33699670663911857,0.0,0.0,-8.203679900454686e-21,0.0,8.203679900454686e-21,0.45790819215441136,0.0,0.0,0.0,2090,1
0.35,0,0.75,0.02,1,0.12103030558722087,1.8701498300761048,0.7499999999999999,0.9320414208656737,0.38527205999663416,0.0,0.0,4.462245426734709e-19,0.0,-4.462245426734709e-19,0.5467693608690395,0.0,0.0,0.0,566,1
0.35,0,0.75,0.01,1,0.12103030559207428,1.870149830036004,0.75,0.9320414208968903,0.38527206002282427,0.0,0.0,-5.430887873701933e-19,0.0,5.430887873701933e-19,0.5467693608740661,0.0,0.0,0.0,1130,1
0.35,0,0.75,0.005,1,0.12103030559205373,1.8701498300361739,0.7499999999999996,0.9320414208969459,0.38527206002290126,0.0,0.0,2.6094014924033457e-19,0.0,-2.6094014924033457e-19,0.5467693608740446,0.0,0.0,0.0,2252,1
0.35,0,1.0,0.02,1,0.10346483836695612,2.0269589746492764,1.0000000000000004,1.2035381976745578,0.4861136099576085,0.0,0.0,2.639302035537204e-19,0.0,-2.639302035537204e-19,0.7174245877169493,0.0,0.0,0.0,614,1
0.35,0,1.0,0.01,1,0.10346483838570267,2.026958974468089,0.9999999999999998,1.203538197960101,0.48611361024519195,0.0,0.0,-7.159847546390568e-19,0.0,7.159847546390568e-19,0.717424587714909,0.0,0.0,0.0,1220,1
0.35,0,1.0,0.005,1,0.10346483838621003,2.0269589744631853,0.9999999999999999,1.203538197969829,0.48611361025497535,0.0,0.0,4.333561834326889e-19,0.0,-4.333561834326889e-19,0.7174245877148537,0.0,0.0,0.0,2438,1
0.35,1,0.2,0.02,1,0.2357676434629711,1.2033440452827535,0.19999999999999993,0.5688464197664611,0.28442320988323055,0.0,0.0,1.0837224091243781e-19,0.0,-1.0837224091243781e-19,0.28442320988323055,0.0,0.0,0.0,368,1
0.35,1,0.2,0.01,1,0.2357676434629939,1.2033440452826567,0.19999999999999996,0.5688464197665595,0.28442320988327974,0.0,0.0,-4.858322922798864e-20,0.0,4.858322922798864e-20,0.28442320988327974,0.0,0.0,0.0,728,1
0.35,1,0.2,0.005,1,0.23576764346296522,1.2033440452827784,0.19999999999999993,0.568846419766436,0.284423209883218,0.0,0.0,-1.0026681117103425e-19,0.0,1.0026681117103425e-19,0.284423209883218,0.0,0.0,0.0,1448,1
0.35,1,0.25,0.02,1,0.21273622366868636,1.3061377919684638,0.24999999999999997,0.5956716742800328,0.2978358371400164,0.0,0.0,-2.5769109482998854e-20,0.0,2.5769109482998854e-20,0.2978358371400164,0.0,0.0,0.0,398,1
0.35,1,0.25,0.01,1,0.21273622366947229,1.3061377919647696,0.25000000000000006,0.5956716742836708,0.2978358371418354,0.0,0.0,4.8574777609089876e-20,0.0,-4.8574777609089876e-20,0.2978358371418354,0.0,0.0,0.0,788,1
0.35,1,0.25,0.005,1,0.21273622366948933,1.3061377919646895,0.24999999999999992,0.5956716742837495,0.2978358371418747,0.0,0.0,-1.4723752347410282e-19,0.0,1.4723752347410282e-19,0.2978358371418747,0.0,0.0,0.0,1574,1
0.35,1,0.3,0.02,1,0.19532525932105155,1.3915246381909048,0.2999999999999997,0.6242401372059285,0.31212006860296426,0.0,0.0,-5.946267590725616e-20,0.0,5.946267590725616e-20,0.31212006860296426,0.0,0.0,0.0,422,1
0.35,1,0.3,0.01,1,0.1953252593213076,1.391524638189594,0.29999999999999993,0.6242401372071699,0.31212006860358493,0.0,0.0,-5.722021967490904e-20,0.0,5.722021967490904e-20,0.31212006860358493,0.0,0.0,0.0,842,1
0.35,1,0.3,0.005,1,0.19532525932127165,1.391524638189778,0.2999999999999999,0.6242401372069957,0.31212006860349784,0.0,0.0,-1.1526494327288345e-19,0.0,1.1526494327288345e-19,0.31212006860349784,0.0,0.0,0.0,1676,1
0.35,1,0.4,0.02,1,0.17012357769524544,1.5296657031262035,0.40000000000000013,0.6872146114569836,0.3436073057284918,0.0,0.0,1.0671158065919201e-19,0.0,-1.0671158065919201e-19,0.3436073057284918,0.0,0.0,0.0,464,1
0.35,1,0.4,0.01,1,0.17012357769689873,1.5296657031164853,0.39999999999999986,0.6872146114653279,0.34360730573266396,0.0,0.0,-2.1677891619083317e-19,0.0,2.1677891619083317e-19,0.34360730573266396,0.0,0.0,0.0,920,1
0.35,1,0.4,0.005,1,0.17012357769690467,1.5296657031164504,0.4,0.6872146114653581,0.34360730573267906,0.0,0.0,-1.8526968165485518e-19,0.0,1.8526968165485518e-19,0.34360730573267906,0.0,0.0,0.0,1838,1
0.35,1,0.5,0.02,1,0.1524035251628912,1.6396590297365181,0.4999999999999997,0.7584412868528284,0.3792206434264142,0.0,0.0,-1.200118507246872e-20,0.0,1.200118507246872e-20,0.3792206434264142,0.0,0.0,0.0,500,1
0.35,1,0.5,0.01,1,0.15240352515536834,1.6396590297858797,0.49999999999999983,0.7584412868149107,0.37922064340745537,0.0,0.0,-5.301741486837107e-19,0.0,5.301741486837107e-19,0.37922064340745537,0.0,0.0,0.0,986,1
0.35,1,0.5,0.005,1,0.1524035251553789,1.6396590297858105,0.49999999999999994,0.7584412868149639,0.37922064340748196,0.0,0.0,-1.2220712673287283e-19,0.0,1.2220712673287283e-19,0.37922064340748196,0.0,0.0,0.0,1970,1
0.35,1,0.6,0.02,1,0.13919368506865654,1.7303244227264785,0.6000000000000002,0.8377500349750537,0.41887501748752687,0.0,0.0,1.0528540016686112e-18,0.0,-1.0528540016686112e-18,0.41887501748752687,0.0,0.0,0.0,524,1
0.35,1,0.6,0.01,1,0.13919368507227242,1.730324422700501,0.6000000000000001,0.8377500349928118,0.4188750174964059,0.0,0.0,-5.028379700403285e-19,0.0,5.028379700403285e-19,0.4188750174964059,0.0,0.0,0.0,1046,1
0.35,1,0.6,0.005,1,0.1391936850722583,1.7303244227006025,0.6000000000000001,0.8377500349927424,0.4188750174963712,0.0,0.0,-1.994235153329776e-19,0.0,1.994235153329776e-19,0.4188750174963712,0.0,0.0,0.0,2084,1
0.35,1,0.75,0.02,1,0.12481471442044902,1.8393604507164427,0.7499999999999999,0.9699140801305169,0.48495704006525847,0.0,0.0,1.824189164672662e-18,0.0,-1.824189164672662e-18,0.48495704006525847,0.0,0.0,0.0,560,1
0.35,1,0.75,0.01,1,0.12481471439237425,1.8393604509413741,0.7500000000000002,0.9699140800009177,0.48495704000045886,0.0,0.0,-5.595937816439853e-19,0.0,5.595937816439853e-19,0.48495704000045886,0.0,0.0,0.0,1106,1
0.35,1,0.75,0.005,1,0.12481471439244934,1.8393604509407726,0.75,0.9699140800012641,0.48495704000063206,0.0,0.0,-6.190290609550197e-19,0.0,6.190290609550197e-19,0.48495704000063206,0.0,0.0,0.0,2210,1
0.35,1,1.0,0.02,1,0.10958309780713872,1.9695076581785596,0.9999999999999998,1.2152883687309195,0.6076441843654597,0.0,0.0,1.961612628531451e-18,0.0,-1.961612628531451e-18,0.6076441843654597,0.0,0.0,0.0,596,1
0.35,1,1.0,0.01,1,0.10958309783195347,1.9695076579521127,1.0000000000000009,1.2152883688326759,0.6076441844163379,0.0,0.0,-1.1439169312118388e-18,0.0,1.1439169312118388e-18,0.6076441844163379,0.0,0.0,0.0,1184,1
0.35,1,1.0,0.005,1,0.10958309783204181,1.9695076579513064,0.9999999999999999,1.2152883688330374,0.6076441844165187,0.0,0.0,-7.628175424813117e-19,0.0,7.628175424813117e-19,0.6076441844165187,0.0,0.0,0.0,2366,1
0.4,0,0.2,0.02,1,0.26203664669859705,1.0977064368364426,0.19999999999999996,0.5424912181609837,0.2538469992711562,0.0,0.0,1.0539043284013155e-20,0.0,-1.0539043284013155e-20,0.28864421888982744,0.0,0.0,0.0,338,1
0.4,0,0.2,0.01,1,0.2620366466978399,1.0977064368393321,0.19999999999999998,0.542491218159056,0.25384699927042204,0.0,0.0,-6.004584452188167e-20,0.0,6.004584452188167e-20,0.2886442188886339,0.0,0.0,0.0,662,1
0.4,0,0.2,0.005,1,0.26203664669785537,1.0977064368392728,0.20000000000000007,0.5424912181590978,0.2538469992704394,0.0,0.0,-1.1595491622108538e-19,0.0,1.1595491622108538e-19,0.28864421888865843,0.0,0.0,0.0,1322,1
0.4,0,0.25,0.02,1,0.23164129226125024,1.2210007826213445,0.25000000000000006,0.5644956725223027,0.25944653931043893,0.0,0.0,-1.4219889666858388e-19,0.0,1.4219889666858388e-19,0.3050491332118637,0.0,0.0,0.0,374,1
0.4,0,0.25,0.01,1,0.23164129226049873,1.2210007826245888,0.2500000000000002,0.5644956725203717,0.2594465393097821,0.0,0.0,-1.3525406320469382e-19,0.0,1.3525406320469382e-19,0.3050491332105896,0.0,0.0,0.0,740,1
0.4,0,0.25,0.005,1,0.23164129226048844,1.2210007826246332,0.24999999999999997,0.5644956725203428,0.259446539309771,0.0,0.0,-1.6951719190942463e-19,0.0,1.6951719190942463e-19,0.3050491332105718,0.0,0.0,0.0,1472,1
0.4,0,0.3,0.02,1,0.2089400452764684,1.3241434576062787,0.3,0.5886838194823455,0.26587367636309633,0.0,0.0,7.476651553441314e-21,0.0,-7.476651553441314e-21,0.32281014311924916,0.0,0.0,0.0,404,1
0.4,0,0.3,0.01,1,0.20894004527665994,1.324143457605362,0.2999999999999999,0.5886838194833426,0.2658736763637539,0.0,0.0,-1.0807720702479827e-19,0.0,1.0807720702479827e-19,0.32281014311958867,0.0,0.0,0.0,800,1
0.4,0,0.3,0.005,1,0.2089400452766216,1.3241434576055453,0.3,0.5886838194832406,0.2658736763637197,0.0,0.0,-1.4662111728141124e-19,0.0,1.4662111728141124e-19,0.32281014311952083,0.0,0.0,0.0,1592,1
0.4,0,0.4,0.02,1,0.17665031983022503,1.4920186193775622,0.40000000000000013,0.6442384308616923,0.2814276199000021,0.0,0.0,1.5000910643965613e-20,0.0,-1.5000910643965613e-20,0.3628108109616902,0.0,0.0,0.0,452,1
0.4,0,0.4,0.01,1,0.17665031983043072,1.4920186193763978,0.39999999999999986,0.6442384308622757,0.2814276199002134,0.0,0.0,-1.0380543945950941e-19,0.0,1.0380543945950941e-19,0.36281081096206225,0.0,0.0,0.0,902,1
0.4,0,0.4,0.005,1,0.17665031983035404,1.492018619376832,0.39999999999999986,0.6442384308620425,0.28142761990011894,0.0,0.0,-1.948721444547531e-19,0.0,1.948721444547531e-19,0.3628108109619235,0.0,0.0,0.0,1796,1
0.4,0,0.5,0.02,1,0.15443054417767776,1.6264463607007933,0.49999999999999994,0.710192405587336,0.30090428345983306,0.0,0.0,-3.4892826631642375e-19,0.0,3.4892826631642375e-19,0.40928812212750293,0.0,0.0,0.0,494,1
0.4,0,0.5,0.01,1,0.15443054417971036,1.6264463606876314,0.5000000000000002,0.7101924055975677,0.30090428346660264,0.0,0.0,-1.1924784577812815e-19,0.0,1.1924784577812815e-19,0.4092881221309651,0.0,0.0,0.0,980,1
0.4,0,0.5,0.005,1,0.15443054417975216,1.6264463606873607,0.5,0.710192405597839,0.300904283466803,0.0,0.0,-1.5192244991851878e-19,0.0,1.5192244991851878e-19,0.4092881221310361,0.0,0.0,0.0,1958,1
0.4,0,0.6,0.02,1,0.138156961195918,1.7378003649333091,0.6000000000000002,0.7870263252073474,0.3245587637567415,0.0,0.0,-2.0724858702838904e-19,0.0,2.0724858702838904e-19,0.4624675614506059,0.0,0.0,0.0,530,1
0.4,0,0.6,0.01,1,0.13815696118556167,1.7378003650082698,0.5999999999999995,0.787026325177574,0.3245587637421432,0.0,0.0,-3.0849995579181457e-19,0.0,3.0849995579181457e-19,0.4624675614354308,0.0,0.0,0.0,1046,1
0.4,0,0.6,0.005,1,0.13815696118568402,1.7378003650073843,0.6000000000000001,0.7870263251781907,0.3245587637425803,0.0,0.0,-1.307753766180597e-19,0.0,1.307753766180597e-19,0.4624675614356104,0.0,0.0,0.0,2090,1
0.4,0,0.75,0.02,1,0.1207729436012851,1.8722785201080376,0.7500000000000002,0.9219482743091495,0.36789818798118434,0.0,0.0,-4.419936441882168e-19,0.0,4.419936441882168e-19,0.5540500863279652,0.0,0.0,0.0,566,1
0.4,0,0.75,0.01,1,0.12077294360195596,1.8722785201024827,0.7500000000000001,0.9219482743128626,0.3678981879842934,0.0,0.0,-3.809553967067802e-19,0.0,3.809553967067802e-19,0.5540500863285692,0.0,0.0,0.0,1130,1
0.4,0,0.75,0.005,1,0.1207729436013501,1.8722785201074994,0.7499999999999992,0.9219482743112596,0.36789818798323637,0.0,0.0,-6.300745017586653e-19,0.0,6.300745017586653e-19,0.5540500863280232,0.0,0.0,0.0,2252,1
0.4,0,1.0,0.02,1,0.10290767857218584,2.0323585419629344,1.0,1.1901468138305393,0.45902418949791535,0.0,0.0,-4.664825130242232e-19,0.0,4.664825130242232e-19,0.7311226243326239,0.0,0.0,0.0,614,1
0.4,0,1.0,0.01,1,0.10290767857327031,2.032358541952396,0.9999999999999994,1.1901468138539275,0.4590241895217585,0.0,0.0,-1.2381873837740691e-19,0.0,1.2381873837740691e-19,0.731122624332169,0.0,0.0,0.0,1226,1
0.4,0,1.0,0.005,1,0.10290767857151556,2.032358541969448,1.0,1.1901468138482199,0.459024189515315,0.0,0.0,-7.912381712045944e-19,0.0,7.912381712045944e-19,0.7311226243329049,0.0,0.0,0.0,2444,1
0.4,1,0.2,0.02,1,0.23735862529388063,1.1966186193961694,0.19999999999999996,0.5682712600208736,0.2841356300104368,0.0,0.0,-1.068571218197934e-19,0.0,1.068571218197934e-19,0.2841356300104368,0.0,0.0,0.0,368,1
0.4,1,0.2,0.01,1,0.23735862529308327,1.1966186193995287,0.20000000000000012,0.5682712600174368,0.2841356300087184,0.0,0.0,1.2807954636644827e-19,0.0,-1.2807954636644827e-19,0.2841356300087184,0.0,0.0,0.0,722,1
0.4,1,0.2,0.005,1,0.23735862529310162,1.1966186193994515,0.1999999999999999,0.5682712600175153,0.28413563000875763,0.0,0.0,4.102071819237773e-20,0.0,-4.102071819237773e-20,0.28413563000875763,0.0,0.0,0.0,1442,1
0.4,1,0.25,0.02,1,0.21430975232714197,1.2987683944414241,0.25000000000000006,0.594898010272372,0.297449005136186,0.0,0.0,-7.284659042128591e-21,0.0,7.284659042128591e-21,0.297449005136186,0.0,0.0,0.0,398,1
0.4,1,0.25,0.01,1,0.21430975232575428,1.2987683944478994,0.25000000000000017,0.5948980102659552,0.2974490051329776,0.0,0.0,1.9693539197185772e-19,0.0,-1.9693539197185772e-19,0.2974490051329776,0.0,0.0,0.0,782,1
0.4,1,0.25,0.005,1,0.21430975232576874,1.2987683944478319,0.25,0.5948980102660217,0.29744900513301087,0.0,0.0,1.6119443533902965e-20,0.0,-1.6119443533902965e-20,0.29744900513301087,0.0,0.0,0.0,1562,1
0.4,1,0.3,0.02,1,0.1968595275650638,1.383700387365824,0.3,0.6232743150358264,0.3116371575179132,0.0,0.0,-9.843120296716255e-20,0.0,9.843120296716255e-20,0.3116371575179132,0.0,0.0,0.0,422,1
0.4,1,0.3,0.01,1,0.19685952756515196,1.3837003873653761,0.29999999999999993,0.6232743150362522,0.3116371575181261,0.0,0.0,2.586814351333285e-19,0.0,-2.586814351333285e-19,0.3116371575181261,0.0,0.0,0.0,836,1
0.4,1,0.3,0.005,1,0.1968595275650952,1.3837003873656646,0.2999999999999999,0.6232743150359779,0.3116371575179889,0.0,0.0,-6.316082338730079e-20,0.0,6.316082338730079e-20,0.3116371575179889,0.0,0.0,0.0,1664,1
0.4,1,0.4,0.02,1,0.17153843742160857,1.5213834373105484,0.40000000000000013,0.685937598191708,0.342968799095854,0.0,0.0,-3.786005014458121e-19,0.0,3.786005014458121e-19,0.342968799095854,0.0,0.0,0.0,464,1
0.4,1,0.4,0.01,1,0.17153843741899744,1.5213834373257702,0.40000000000000013,0.6859375981786263,0.34296879908931316,0.0,0.0,2.4959579232668057e-19,0.0,-2.4959579232668057e-19,0.34296879908931316,0.0,0.0,0.0,920,1
0.4,1,0.4,0.005,1,0.17153843741893493,1.5213834373261346,0.39999999999999986,0.6859375981783128,0.3429687990891564,0.0,0.0,-2.4825629503309383e-20,0.0,2.4825629503309383e-20,0.3429687990891564,0.0,0.0,0.0,1832,1
0.4,1,0.5,0.02,1,0.15367022494535013,1.6313818938246263,0.5000000000000003,0.7570402774588253,0.37852013872941265,0.0,0.0,-8.587257508428907e-19,0.0,8.587257508428907e-19,0.37852013872941265,0.0,0.0,0.0,494,1
0.4,1,0.5,0.01,1,0.15367022494638002,1.6313818938179243,0.5000000000000001,0.7570402774639445,0.37852013873197227,0.0,0.0,6.35910008162934e-20,0.0,-6.35910008162934e-20,0.37852013873197227,0.0,0.0,0.0,986,1
0.4,1,0.5,0.005,1,0.15367022494626328,1.631381893818684,0.5,0.757040277463364,0.378520138731682,0.0,0.0,-3.418847674830191e-20,0.0,3.418847674830191e-20,0.378520138731682,0.0,0.0,0.0,1964,1
0.4,1,0.6,0.02,1,0.14030659537586526,1.7223608086142876,0.5999999999999996,0.8364941904170836,0.4182470952085418,0.0,0.0,-8.584783415519757e-19,0.0,8.584783415519757e-19,0.4182470952085418,0.0,0.0,0.0,524,1
0.4,1,0.6,0.01,1,0.14030659537010065,1.7223608086553734,0.5999999999999998,0.8364941903893872,0.4182470951946936,0.0,0.0,2.7548277086849576e-19,0.0,-2.7548277086849576e-19,0.4182470951946936,0.0,0.0,0.0,1040,1
0.4,1,0.6,0.005,1,0.14030659536971998,1.7223608086580866,0.5999999999999995,0.8364941903875579,0.41824709519377895,0.0,0.0,2.3837924120670595e-19,0.0,-2.3837924120670595e-19,0.41824709519377895,0.0,0.0,0.0,2072,1
0.4,1,0.75,0.02,1,0.12572006239420583,1.8321330954874153,0.7500000000000003,0.9694270229417288,0.4847135114708644,0.0,0.0,-1.8358550644051824e-18,0.0,1.8358550644051824e-18,0.48471351147086433,0.0,0.0,0.0,554,1
0.4,1,0.75,0.01,1,0.1257200623957257,1.832133095475326,0.7500000000000001,0.9694270229484901,0.4847135114742451,0.0,0.0,7.581200764289383e-19,0.0,-7.581200764289383e-19,0.4847135114742451,0.0,0.0,0.0,1106,1
0.4,1,0.75,0.005,1,0.12572006239500136,1.8321330954810875,0.7500000000000011,0.9694270229452688,0.4847135114726344,0.0,0.0,4.108630483262965e-19,0.0,-4.108630483262965e-19,0.4847135114726344,0.0,0.0,0.0,2204,1
0.4,1,1.0,0.02,1,0.11024571095579648,1.9634791930366986,0.9999999999999998,1.2172133220737478,0.608606661036874,0.0,0.0,-3.179965992793531e-18,0.0,3.179965992793531e-18,0.6086066610368739,0.0,0.0,0.0,596,1
0.4,1,1.0,0.01,1,0.11024571094243998,1.9634791931578506,0.9999999999999999,1.2172133220225583,0.6086066610112791,0.0,0.0,1.6959715594603179e-18,0.0,-1.6959715594603179e-18,0.6086066610112791,0.0,0.0,0.0,1184,1
0.4,1,1.0,0.005,1,0.11024571094006864,1.96347919317936,0.9999999999999999,1.2172133220134702,0.6086066610067351,0.0,0.0,2.468900074257283e-20,0.0,-2.468900074257283e-20,0.6086066610067351,0.0,0.0,0.0,2360,1
0.45,0,0.2,0.02,1,0.2648693970298377,1.0869539406085018,0.20000000000000007,0.5400264935443639,0.2510135646904942,0.0,0.0,-6.289303978821032e-20,0.0,6.289303978821032e-20,0.2890129288538698,0.0,0.0,0.0,332,1
0.45,0,0.2,0.01,1,0.2648693970303215,1.0869539406066753,0.20000000000000004,0.5400264935455563,0.25101356469094843,0.0,0.0,-5.248890131809912e-21,0.0,5.248890131809912e-21,0.28901292885460794,0.0,0.0,0.0,656,1
0.45,0,0.2,0.005,1,0.2648693970303371,1.0869539406066162,0.20000000000000007,0.5400264935455945,0.2510135646909628,0.0,0.0,-6.914162379645696e-20,0.0,6.914162379645696e-20,0.2890129288546317,0.0,0.0,0.0,1310,1
0.45,0,0.25,0.02,1,0.2336031216755616,1.2125671895096988,0.24999999999999997,0.5614608966976568,0.25570405929797835,0.0,0.0,-4.920174717967312e-20,0.0,4.920174717967312e-20,0.3057568373996784,0.0,0.0,0.0,374,1
0.45,0,0.25,0.01,1,0.23360312167560926,1.2125671895094947,0.24999999999999997,0.5614608966977702,0.25570405929801365,0.0,0.0,-4.740818854170418e-20,0.0,4.740818854170418e-20,0.30575683739975656,0.0,0.0,0.0,734,1
0.45,0,0.25,0.005,1,0.2336031216755764,1.2125671895096355,0.24999999999999997,0.5614608966976882,0.2557040592979857,0.0,0.0,-5.748367132798643e-20,0.0,5.748367132798643e-20,0.30575683739970255,0.0,0.0,0.0,1460,1
0.45,0,0.3,0.02,1,0.21028931748631272,1.3177065188394828,0.29999999999999993,0.585069585124842,0.26115585198375163,0.0,0.0,-1.0745675886462849e-19,0.0,1.0745675886462849e-19,0.3239137331410903,0.0,0.0,0.0,404,1
0.45,0,0.3,0.01,1,0.21028931748472812,1.3177065188470178,0.2999999999999997,0.5850695851207526,0.2611558519823818,0.0,0.0,-1.2019766051179856e-19,0.0,1.2019766051179856e-19,0.32391373313837074,0.0,0.0,0.0,794,1
0.45,0,0.3,0.005,1,0.21028931748475632,1.3177065188468837,0.29999999999999993,0.5850695851208344,0.26115585198241503,0.0,0.0,-3.3186597314882644e-20,0.0,3.3186597314882644e-20,0.32391373313841937,0.0,0.0,0.0,1586,1
0.45,0,0.4,0.02,1,0.17723421497552805,1.4887186974101714,0.40000000000000013,0.6393579252672563,0.27451294139244536,0.0,0.0,8.681600894794252e-21,0.0,-8.681600894794252e-21,0.3648449838748109,0.0,0.0,0.0,452,1
0.45,0,0.4,0.01,1,0.1772342149768816,1.4887186974025342,0.4,0.6393579252716628,0.27451294139447774,0.0,0.0,2.007542010581565e-20,0.0,-2.007542010581565e-20,0.364844983877185,0.0,0.0,0.0,896,1
0.45,0,0.4,0.005,1,0.17723421497690967,1.4887186974023758,0.3999999999999999,0.6393579252717512,0.27451294139451693,0.0,0.0,-9.785787515254923e-20,0.0,9.785787515254923e-20,0.36484498387723424,0.0,0.0,0.0,1790,1
0.45,0,0.5,0.02,1,0.15460014813433526,1.6253487093806775,0.49999999999999967,0.7037749826569766,0.29138102090638385,0.0,0.0,3.7049297726763387e-20,0.0,-3.7049297726763387e-20,0.4123939617505928,0.0,0.0,0.0,494,1
0.45,0,0.5,0.01,1,0.15460014813550332,1.6253487093731223,0.49999999999999994,0.703774982663687,0.2913810209111673,0.0,0.0,1.6844947399019786e-19,0.0,-1.6844947399019786e-19,0.4123939617525197,0.0,0.0,0.0,980,1
0.45,0,0.5,0.005,1,0.15460014813544962,1.6253487093734695,0.49999999999999994,0.7037749826636547,0.29138102091122364,0.0,0.0,-8.106114453334839e-20,0.0,8.106114453334839e-20,0.41239396175243104,0.0,0.0,0.0,1958,1
0.45,0,0.6,0.02,1,0.13809558853385911,1.7382446878047442,0.5999999999999999,0.7786932660730362,0.31192932989244987,0.0,0.0,3.828217388439519e-19,0.0,-3.828217388439519e-19,0.46676393618058637,0.0,0.0,0.0,530,1
0.45,0,0.6,0.01,1,0.13809558852334775,1.7382446878808608,0.6000000000000001,0.7786932660487633,0.3119293298829931,0.0,0.0,-7.03844247088366e-20,0.0,7.03844247088366e-20,0.4667639361657702,0.0,0.0,0.0,1046,1
0.45,0,0.6,0.005,1,0.1380955885234494,1.7382446878801248,0.6000000000000002,0.7786932660491733,0.3119293298832599,0.0,0.0,-1.9708081322927444e-19,0.0,1.9708081322927444e-19,0.46676393616591344,0.0,0.0,0.0,2090,1
0.45,0,0.75,0.02,1,0.12052297200445061,1.8743504299091658,0.7499999999999997,0.909999598563037,0.34957997797786966,0.0,0.0,9.682218082882626e-19,0.0,-9.682218082882626e-19,0.5604196205851674,0.0,0.0,0.0,572,1
0.45,0,0.75,0.01,1,0.12052297199890329,1.874350429955193,0.75,0.9099995985514497,0.34957997797083257,0.0,0.0,-2.64254185969863e-19,0.0,2.64254185969863e-19,0.5604196205806171,0.0,0.0,0.0,1130,1
0.45,0,0.75,0.005,1,0.12052297199835033,1.8743504299597809,0.7499999999999999,0.9099995985509932,0.34957997797083,0.0,0.0,-3.2417133552474273e-19,0.0,3.2417133552474273e-19,0.5604196205801633,0.0,0.0,0.0,2252,1
0.45,0,1.0,0.02,1,0.10248293832745813,2.0364944743302837,1.0000000000000002,1.170689220345114,0.42849847877215536,0.0,0.0,1.5967610303468868e-18,0.0,-1.5967610303468868e-18,0.7421907415729586,0.0,0.0,0.0,620,1
0.45,0,1.0,0.01,1,0.10248293827946399,2.036494474798597,1.0000000000000002,1.170689220272559,0.42849847866939933,0.0,0.0,-9.345290379473756e-19,0.0,9.345290379473756e-19,0.7421907416031597,0.0,0.0,0.0,1226,1
0.45,0,1.0,0.005,1,0.10248293827963766,2.0364944747969025,1.0,1.1706892202781811,0.4284984786751306,0.0,0.0,-6.229187155497007e-19,0.0,6.229187155497007e-19,0.7421907416030505,0.0,0.0,0.0,2450,1
0.45,1,0.2,0.02,1,0.23897492738407436,1.1898321636259763,0.20000000000000007,0.567694248139942,0.283847124069971,0.0,0.0,-5.244286997877462e-20,0.0,5.244286997877462e-20,0.283847124069971,0.0,0.0,0.0,362,1
0.45,1,0.2,0.01,1,0.23897492738448023,1.189832163624278,0.20000000000000007,0.5676942481416921,0.28384712407084606,0.0,0.0,-1.0818611036275846e-19,0.0,1.0818611036275846e-19,0.28384712407084606,0.0,0.0,0.0,716,1
0.45,1,0.2,0.005,1,0.23897492738448087,1.1898321636242752,0.19999999999999998,0.5676942481416948,0.2838471240708474,0.0,0.0,3.280010423903117e-20,0.0,-3.280010423903117e-20,0.2838471240708474,0.0,0.0,0.0,1430,1
0.45,1,0.25,0.02,1,0.21590829986230303,1.2913370238436364,0.2499999999999999,0.5941225499343805,0.29706127496719026,0.0,0.0,1.7793738965440796e-19,0.0,-1.7793738965440796e-19,0.29706127496719026,0.0,0.0,0.0,392,1
0.45,1,0.25,0.01,1,0.21590829986250576,1.2913370238426973,0.25000000000000006,0.5941225499353173,0.29706127496765866,0.0,0.0,-1.2039916581065666e-19,0.0,1.2039916581065666e-19,0.29706127496765866,0.0,0.0,0.0,782,1
0.45,1,0.25,0.005,1,0.2159082998624858,1.29133702384279,0.2499999999999999,0.5941225499352251,0.29706127496761253,0.0,0.0,8.392993945580468e-20,0.0,-8.392993945580468e-20,0.29706127496761253,0.0,0.0,0.0,1556,1
0.45,1,0.3,0.02,1,0.19841837906351875,1.3758129767424967,0.3,0.6223066469567087,0.3111533234783543,0.0,0.0,1.1879231011153046e-19,0.0,-1.1879231011153046e-19,0.31115332347835434,0.0,0.0,0.0,422,1
0.45,1,0.3,0.01,1,0.1984183790622341,1.375812976748971,0.2999999999999999,0.6223066469505186,0.3111533234752593,0.0,0.0,-2.7023098005971715e-19,0.0,2.7023098005971715e-19,0.3111533234752593,0.0,0.0,0.0,830,1
0.45,1,0.3,0.005,1,0.1984183790622451,1.3758129767489156,0.2999999999999999,0.6223066469505717,0.31115332347528585,0.0,0.0,-1.9379748985527437e-20,0.0,1.9379748985527437e-20,0.31115332347528585,0.0,0.0,0.0,1658,1
0.45,1,0.4,0.02,1,0.17297605897030574,1.5130376062451751,0.4000000000000004,0.6846591443201012,0.3423295721600506,0.0,0.0,2.633784540320823e-19,0.0,-2.633784540320823e-19,0.3423295721600506,0.0,0.0,0.0,464,1
0.45,1,0.4,0.01,1,0.1729760589704257,1.5130376062444817,0.40000000000000013,0.6846591443206971,0.34232957216034854,0.0,0.0,-2.007179230022817e-19,0.0,2.007179230022817e-19,0.34232957216034854,0.0,0.0,0.0,914,1
0.45,1,0.4,0.005,1,0.1729760589702979,1.5130376062452204,0.4000000000000001,0.6846591443200616,0.3423295721600308,0.0,0.0,-2.4909942273363316e-20,0.0,2.4909942273363316e-20,0.3423295721600308,0.0,0.0,0.0,1820,1
0.45,1,0.5,0.02,1,0.15495613871533973,1.6230487028677378,0.5,0.7556428864138143,0.37782144320690714,0.0,0.0,9.319438827819812e-20,0.0,-9.319438827819812e-20,0.37782144320690714,0.0,0.0,0.0,494,1
0.45,1,0.5,0.01,1,0.15495613871361746,1.6230487028788523,0.5,0.7556428864053728,0.37782144320268635,0.0,0.0,-1.3478186492055559e-19,0.0,1.3478186492055559e-19,0.3778214432026864,0.0,0.0,0.0,980,1
0.45,1,0.5,0.005,1,0.15495613871337538,1.6230487028804146,0.5000000000000002,0.7556428864041865,0.37782144320209327,0.0,0.0,-2.0735902597952927e-20,0.0,2.0735902597952927e-20,0.37782144320209327,0.0,0.0,0.0,1952,1
0.45,1,0.6,0.02,1,0.14143372403276322,1.7143595777470821,0.6000000000000003,0.8352584546253428,0.4176292273126714,0.0,0.0,2.6852915056911504e-19,0.0,-2.6852915056911504e-19,0.4176292273126714,0.0,0.0,0.0,524,1
0.45,1,0.6,0.01,1,0.1414337240296697,1.7143595777689549,0.5999999999999999,0.8352584546108126,0.41762922730540625,0.0,0.0,-1.4873179833530711e-19,0.0,1.4873179833530711e-19,0.4176292273054063,0.0,0.0,0.0,1034,1
0.45,1,0.6,0.005,1,0.14143372402936982,1.7143595777710752,0.6,0.8352584546094043,0.41762922730470214,0.0,0.0,-7.502561468585392e-21,0.0,7.502561468585392e-21,0.41762922730470214,0.0,0.0,0.0,2060,1
0.45,1,0.75,0.02,1,0.12663148688367906,1.824909613363718,0.75,0.9690158553617243,0.48450792768086215,0.0,0.0,-5.1371074066281e-19,0.0,5.1371074066281e-19,0.48450792768086215,0.0,0.0,0.0,554,1
0.45,1,0.75,0.01,1,0.12663148688792963,1.8249096133301514,0.7500000000000002,0.9690158553799104,0.48450792768995515,0.0,0.0,-5.561258109578967e-19,0.0,5.561258109578967e-19,0.48450792768995526,0.0,0.0,0.0,1100,1
0.45,1,0.75,0.005,1,0.12663148688751616,1.8249096133334166,0.7500000000000003,0.9690158553781416,0.48450792768907086,0.0,0.0,-2.284354724965448e-19,0.0,2.284354724965448e-19,0.4845079276890708,0.0,0.0,0.0,2192,1
0.45,1,1.0,0.02,1,0.11090466815526244,1.9575198168664525,1.0000000000000002,1.2193744331917233,0.6096872165958617,0.0,0.0,-5.366150057973152e-19,0.0,5.366150057973152e-19,0.6096872165958617,0.0,0.0,0.0,596,1
0.45,1,1.0,0.01,1,0.11090466808241287,1.957519817523319,1.0,1.219374432932364,0.6096872164661818,0.0,0.0,-1.3137568262225545e-18,0.0,1.3137568262225545e-18,0.609687216466182,0.0,0.0,0.0,1178,1
0.45,1,1.0,0.005,1,0.11090466808339315,1.9575198175144801,0.9999999999999999,1.2193744329358536,0.6096872164679268,0.0,0.0,-1.0259044986473697e-18,0.0,1.0259044986473697e-18,0.6096872164679267,0.0,0.0,0.0,2354,1
0.48,0,0.2,0.02,1,0.26640961241234107,1.081155783067467,0.2,0.5386347583715669,0.24938937614847853,0.0,0.0,1.5296218261525328e-19,0.0,-1.5296218261525328e-19,0.28924538222308843,0.0,0.0,0.0,332,1
0.48,0,0.2,0.01,1,0.26640961241189487,1.0811557830691418,0.20000000000000018,0.5386347583706198,0.24938937614819895,0.0,0.0,-1.157511233606477e-19,0.0,1.157511233606477e-19,0.28924538222242085,0.0,0.0,0.0,656,1
0.48,0,0.2,0.005,1,0.26640961241188604,1.081155783069175,0.2000000000000002,0.5386347583706003,0.24938937614819257,0.0,0.0,-7.31143860151594e-21,0.0,7.31143860151594e-21,0.2892453822224077,0.0,0.0,0.0,1304,1
0.48,0,0.25,0.02,1,0.234624968137802,1.208202444605507,0.25000000000000006,0.5597420869415741,0.2535424304498591,0.0,0.0,1.5480493657975363e-19,0.0,-1.5480493657975363e-19,0.30619965649171504,0.0,0.0,0.0,368,1
0.48,0,0.25,0.01,1,0.234624968138433,1.2082024446028177,0.25000000000000017,0.5597420869431599,0.25354243045042874,0.0,0.0,-8.29316062414474e-20,0.0,8.29316062414474e-20,0.3061996564927311,0.0,0.0,0.0,728,1
0.48,0,0.25,0.005,1,0.23462496813845088,1.2082024446027415,0.24999999999999997,0.5597420869432038,0.25354243045044417,0.0,0.0,7.212441873813046e-20,0.0,-7.212441873813046e-20,0.30619965649275965,0.0,0.0,0.0,1454,1
0.48,0,0.3,0.02,1,0.2109511024331159,1.3145644391150593,0.3,0.5830131279518667,0.2584126281434182,0.0,0.0,2.302141234950519e-20,0.0,-2.302141234950519e-20,0.32460049980844846,0.0,0.0,0.0,404,1
0.48,0,0.3,0.01,1,0.2109511024325977,1.3145644391175157,0.3,0.5830131279505752,0.2584126281429996,0.0,0.0,-6.971098610727996e-20,0.0,6.971098610727996e-20,0.3246004998075757,0.0,0.0,0.0,794,1
0.48,0,0.3,0.005,1,0.21095110243256954,1.3145644391176494,0.29999999999999993,0.5830131279505135,0.2584126281429854,0.0,0.0,1.0504634615021044e-19,0.0,-1.0504634615021044e-19,0.3246004998075281,0.0,0.0,0.0,1580,1
0.48,0,0.4,0.02,1,0.17746212760404947,1.4874335831728454,0.39999999999999997,0.6365317439190646,0.27044220238479616,0.0,0.0,1.6107754710246416e-19,0.0,-1.6107754710246416e-19,0.3660895415342685,0.0,0.0,0.0,452,1
0.48,0,0.4,0.01,1,0.17746212760552083,1.4874335831645542,0.40000000000000036,0.6365317439236549,0.2704422023868491,0.0,0.0,-2.461463318369563e-19,0.0,2.461463318369563e-19,0.36608954153680584,0.0,0.0,0.0,896,1
0.48,0,0.4,0.005,1,0.1774621276055697,1.4874335831642786,0.4000000000000001,0.6365317439238067,0.2704422023869168,0.0,0.0,1.0080307170810595e-19,0.0,-1.0080307170810595e-19,0.3660895415368899,0.0,0.0,0.0,1790,1
0.48,0,0.5,0.02,1,0.15461573490141395,1.625247894591095,0.4999999999999999,0.6999411102529133,0.28570317586193095,0.0,0.0,1.6438890307175115e-19,0.0,-1.6438890307175115e-19,0.41423793439098233,0.0,0.0,0.0,494,1
0.48,0,0.5,0.01,1,0.15461573490250718,1.6252478945840245,0.4999999999999998,0.6999411102586937,0.2857031758659346,0.0,0.0,-3.681255403441063e-19,0.0,3.681255403441063e-19,0.41423793439275913,0.0,0.0,0.0,980,1
0.48,0,0.5,0.005,1,0.15461573490244396,1.6252478945844335,0.5000000000000002,0.6999411102586346,0.28570317586597804,0.0,0.0,8.455833389333238e-20,0.0,-8.455833389333238e-20,0.4142379343926565,0.0,0.0,0.0,1958,1
0.48,0,0.6,0.02,1,0.13801424266602746,1.738833916155156,0.6,0.773499835005796,0.30429589921545586,0.0,0.0,1.0838537886994266e-19,0.0,-1.0838537886994266e-19,0.46920393579034014,0.0,0.0,0.0,530,1
0.48,0,0.6,0.01,1,0.1380142426554758,1.7388339162316095,0.6000000000000001,0.7734998349850947,0.3042958992094294,0.0,0.0,-5.292594369645947e-19,0.0,5.292594369645947e-19,0.46920393577566527,0.0,0.0,0.0,1046,1
0.48,0,0.6,0.005,1,0.13801424265553727,1.738833916231164,0.6000000000000001,0.7734998349853065,0.3042958992095556,0.0,0.0,8.259512999539651e-20,0.0,-8.259512999539651e-20,0.4692039357757509,0.0,0.0,0.0,2090,1
0.48,0,0.75,0.02,1,0.12038939976610048,1.87545931652263,0.7500000000000001,0.9019989413063081,0.33826000741728296,0.0,0.0,7.77085848507746e-20,0.0,-7.77085848507746e-20,0.5637389338890251,0.0,0.0,0.0,572,1
0.48,0,0.75,0.01,1,0.12038939975418379,1.8754593166216147,0.7500000000000001,0.9019989412873393,0.3382600074078777,0.0,0.0,-8.45740757112358e-19,0.0,8.45740757112358e-19,0.5637389338794615,0.0,0.0,0.0,1130,1
0.48,0,0.75,0.005,1,0.12038939975396216,1.8754593166234557,0.7499999999999999,0.9019989412877948,0.3382600074085115,0.0,0.0,9.485625098584944e-20,0.0,-9.485625098584944e-20,0.5637389338792833,0.0,0.0,0.0,2258,1
0.48,0,1.0,0.02,1,0.10231736354431963,2.038111413540819,0.9999999999999998,1.1561811165453797,0.4089322472472572,0.0,0.0,1.8862299334651153e-19,0.0,-1.8862299334651153e-19,0.7472488692981225,0.0,0.0,0.0,620,1
0.48,0,1.0,0.01,1,0.10231736348409501,2.038111414129425,0.9999999999999996,1.156181116549048,0.4089322472094247,0.0,0.0,-1.5875420977688427e-18,0.0,1.5875420977688427e-18,0.7472488693396233,0.0,0.0,0.0,1226,1
0.48,0,1.0,0.005,1,0.10231736348456216,2.0381114141248595,0.999999999999999,1.1561811165520286,0.40893224721272786,0.0,0.0,-1.4644960666371728e-19,0.0,1.4644960666371728e-19,0.7472488693393008,0.0,0.0,0.0,2450,1
0.48,1,0.2,0.02,1,0.23995652750228155,1.1857330321838147,0.2,0.5673473503013883,0.28367367515069414,0.0,0.0,2.0216005669907955e-19,0.0,-2.0216005669907955e-19,0.28367367515069414,0.0,0.0,0.0,362,1
0.48,1,0.2,0.01,1,0.23995652750280821,1.1857330321816197,0.2,0.5673473503036598,0.2836736751518299,0.0,0.0,-1.0037855650858452e-19,0.0,1.0037855650858452e-19,0.2836736751518299,0.0,0.0,0.0,716,1
0.48,1,0.2,0.005,1,0.23995652750281465,1.1857330321815929,0.2,0.5673473503036874,0.2836736751518437,0.0,0.0,-9.296036118547139e-20,0.0,9.296036118547139e-20,0.2836736751518437,0.0,0.0,0.0,1430,1
0.48,1,0.25,0.02,1,0.2168791078312331,1.286850712181334,0.24999999999999992,0.593656678827285,0.2968283394136425,0.0,0.0,4.0615227355836605e-19,0.0,-4.0615227355836605e-19,0.29682833941364256,0.0,0.0,0.0,392,1
0.48,1,0.25,0.01,1,0.21687910783206665,1.2868507121774906,0.25000000000000006,0.5936566788311335,0.29682833941556674,0.0,0.0,-1.0979151337988377e-19,0.0,1.0979151337988377e-19,0.29682833941556674,0.0,0.0,0.0,776,1
0.48,1,0.25,0.005,1,0.21687910783209277,1.28685071217737,0.24999999999999983,0.5936566788312536,0.2968283394156268,0.0,0.0,-1.957534391779777e-20,0.0,1.957534391779777e-20,0.2968283394156268,0.0,0.0,0.0,1550,1
0.48,1,0.3,0.02,1,0.19936517201400225,1.3710526253611819,0.30000000000000004,0.6217254936427209,0.31086274682136045,0.0,0.0,5.044720508098962e-19,0.0,-5.044720508098962e-19,0.31086274682136045,0.0,0.0,0.0,416,1
0.48,1,0.3,0.01,1,0.19936517201436904,1.371052625359342,0.30000000000000016,0.6217254936444855,0.31086274682224274,0.0,0.0,-1.1694612747344416e-19,0.0,1.1694612747344416e-19,0.31086274682224274,0.0,0.0,0.0,830,1
0.48,1,0.3,0.005,1,0.19936517201434917,1.3710526253594417,0.30000000000000004,0.6217254936443897,0.31086274682219484,0.0,0.0,-1.119559555299505e-19,0.0,1.119559555299505e-19,0.31086274682219484,0.0,0.0,0.0,1652,1
0.48,1,0.4,0.02,1,0.1738492642756383,1.5080021772158922,0.4000000000000002,0.6838918279686779,0.34194591398433893,0.0,0.0,3.038206004951732e-19,0.0,-3.038206004951732e-19,0.34194591398433893,0.0,0.0,0.0,458,1
0.48,1,0.4,0.01,1,0.17384926427777297,1.5080021772036134,0.39999999999999963,0.6838918279792431,0.34194591398962154,0.0,0.0,-3.458356701342647e-21,0.0,3.458356701342647e-21,0.34194591398962154,0.0,0.0,0.0,908,1
0.48,1,0.4,0.005,1,0.1738492642778369,1.5080021772032457,0.3999999999999999,0.68389182797956,0.34194591398978,0.0,0.0,-1.5047835105076525e-19,0.0,1.5047835105076525e-19,0.34194591398978,0.0,0.0,0.0,1814,1
0.48,1,0.5,0.02,1,0.15573661103074538,1.6180246142288388,0.5000000000000003,0.7548067744565312,0.3774033872282656,0.0,0.0,9.244561984553311e-19,0.0,-9.244561984553311e-19,0.3774033872282656,0.0,0.0,0.0,494,1
0.48,1,0.5,0.01,1,0.15573661102304415,1.6180246142782893,0.4999999999999995,0.7548067744191086,0.3774033872095543,0.0,0.0,-2.40548263350686e-20,0.0,2.40548263350686e-20,0.3774033872095543,0.0,0.0,0.0,974,1
0.48,1,0.5,0.005,1,0.15573661102315595,1.6180246142775714,0.4999999999999999,0.7548067744196526,0.3774033872098263,0.0,0.0,-5.966359135519989e-20,0.0,5.966359135519989e-20,0.3774033872098263,0.0,0.0,0.0,1946,1
0.48,1,0.6,0.02,1,0.14211647059986263,1.709543866811301,0.5999999999999998,0.8345276093116357,0.41726380465581786,0.0,0.0,4.782262119171187e-19,0.0,-4.782262119171187e-19,0.41726380465581786,0.0,0.0,0.0,518,1
0.48,1,0.6,0.01,1,0.14211647060465477,1.7095438667775813,0.5999999999999999,0.8345276093338307,0.41726380466691537,0.0,0.0,-2.0998813343088174e-19,0.0,2.0998813343088174e-19,0.41726380466691537,0.0,0.0,0.0,1028,1
0.48,1,0.6,0.005,1,0.14211647060467858,1.7095438667774137,0.6,0.8345276093339413,0.41726380466697066,0.0,0.0,1.8501288776525886e-19,0.0,-1.8501288776525886e-19,0.41726380466697066,0.0,0.0,0.0,2054,1
0.48,1,0.75,0.02,1,0.12718076030400596,1.8205814197175385,0.7499999999999999,0.9688079321067253,0.48440396605336267,0.0,0.0,-2.0022589934747023e-19,0.0,2.0022589934747023e-19,0.48440396605336267,0.0,0.0,0.0,554,1
0.48,1,0.75,0.01,1,0.12718076028044153,1.8205814199028214,0.7499999999999994,0.9688079320083346,0.4844039660041673,0.0,0.0,-2.0752087833389008e-19,0.0,2.0752087833389008e-19,0.4844039660041673,0.0,0.0,0.0,1100,1
0.48,1,0.75,0.005,1,0.1271807602803373,1.820581419903641,0.75,0.9688079320078998,0.4844039660039499,0.0,0.0,7.282506891564907e-19,0.0,-7.282506891564907e-19,0.4844039660039499,0.0,0.0,0.0,2192,1
0.48,1,1.0,0.02,1,0.11129763037594075,1.9539828360796063,1.0000000000000002,1.2207910210366621,0.6103955105183311,0.0,0.0,-1.2573693578926487e-18,0.0,1.2573693578926487e-18,0.6103955105183311,0.0,0.0,0.0,596,1
0.48,1,1.0,0.01,1,0.11129763036470795,1.953982836180532,0.9999999999999999,1.2207910209985293,0.6103955104992647,0.0,0.0,2.5540340591242774e-19,0.0,-2.5540340591242774e-19,0.6103955104992647,0.0,0.0,0.0,1178,1
0.48,1,1.0,0.005,1,0.11129763036261034,1.9539828361993787,1.000000000000001,1.2207910209914097,0.6103955104957048,0.0,0.0,3.136506414552446e-19,0.0,-3.136506414552446e-19,0.6103955104957048,0.0,0.0,0.0,2348,1
0.49,0,0.2,0.02,1,0.2668970228768055,1.0793279018152135,0.20000000000000004,0.5381843975232199,0.24885959600982627,0.0,0.0,-7.401135621368923e-21,0.0,7.401135621368923e-21,0.2893248015133936,0.0,0.0,0.0,332,1
0.49,0,0.2,0.01,1,0.2668970228760959,1.0793279018178723,0.19999999999999996,0.5381843975217001,0.24885959600936186,0.0,0.0,4.983969167073972e-20,0.0,-4.983969167073972e-20,0.28932480151233825,0.0,0.0,0.0,650,1
0.49,0,0.2,0.005,1,0.266897022876099,1.0793279018178605,0.2,0.5381843975217071,0.24885959600936416,0.0,0.0,-2.4214463362791422e-20,0.0,2.4214463362791422e-20,0.2893248015123429,0.0,0.0,0.0,1298,1
0.49,0,0.25,0.02,1,0.23494021532594328,1.2068597248017132,0.25000000000000006,0.5591851243031853,0.25283470564425714,0.0,0.0,-3.008185909599707e-20,0.0,3.008185909599707e-20,0.30635041865892826,0.0,0.0,0.0,368,1
0.49,0,0.25,0.01,1,0.2349402153265939,1.2068597247989439,0.24999999999999994,0.5591851243048092,0.25283470564484,0.0,0.0,1.2178279175959585e-19,0.0,-1.2178279175959585e-19,0.3063504186599691,0.0,0.0,0.0,728,1
0.49,0,0.25,0.005,1,0.234940215326614,1.2068597247988584,0.24999999999999997,0.5591851243048598,0.2528347056448585,0.0,0.0,-3.962714898465933e-20,0.0,3.962714898465933e-20,0.3063504186600013,0.0,0.0,0.0,1454,1
0.49,0,0.3,0.02,1,0.21114752852142085,1.313633727247836,0.30000000000000004,0.5823453367105226,0.2575116101676075,0.0,0.0,-1.2606668766269469e-20,0.0,1.2606668766269469e-20,0.3248337265429151,0.0,0.0,0.0,404,1
0.49,0,0.3,0.01,1,0.21114752852127594,1.3136337272485223,0.30000000000000004,0.5823453367101561,0.25751161016748364,0.0,0.0,4.648981838667468e-20,0.0,-4.648981838667468e-20,0.3248337265426724,0.0,0.0,0.0,794,1
0.49,0,0.3,0.005,1,0.21114752852122898,1.3136337272487448,0.29999999999999993,0.5823453367100476,0.2575116101674538,0.0,0.0,-1.568067210965567e-20,0.0,1.568067210965567e-20,0.32483372654259385,0.0,0.0,0.0,1580,1
0.49,0,0.4,0.02,1,0.17751811702462875,1.4871181322603466,0.39999999999999997,0.6356063859487915,0.2690976266263702,0.0,0.0,-8.991953030970067e-20,0.0,8.991953030970067e-20,0.3665087593224213,0.0,0.0,0.0,452,1
0.49,0,0.4,0.01,1,0.17751811702607917,1.487118132252176,0.39999999999999974,0.6356063859532376,0.2690976266283288,0.0,0.0,1.5420351551073694e-19,0.0,-1.5420351551073694e-19,0.3665087593249088,0.0,0.0,0.0,896,1
0.49,0,0.4,0.005,1,0.17751811702612535,1.4871181322519158,0.40000000000000013,0.6356063859533821,0.26909762662839387,0.0,0.0,-3.665911194556972e-20,0.0,3.665911194556972e-20,0.3665087593249883,0.0,0.0,0.0,1790,1
0.49,0,0.5,0.02,1,0.1546069926262157,1.6253044381399506,0.5,0.6986675415994013,0.2838178778110505,0.0,0.0,-4.8953262817339967e-20,0.0,4.8953262817339967e-20,0.41484966378835075,0.0,0.0,0.0,494,1
0.49,0,0.5,0.01,1,0.15460699262737637,1.6253044381324433,0.5000000000000001,0.6986675416050847,0.28381787781485535,0.0,0.0,5.599502237541584e-20,0.0,-5.599502237541584e-20,0.41484966379022936,0.0,0.0,0.0,980,1
0.49,0,0.5,0.005,1,0.15460699262731822,1.6253044381328194,0.5000000000000001,0.6986675416050383,0.28381787781490314,0.0,0.0,4.823051103398297e-20,0.0,-4.823051103398297e-20,0.4148496637901352,0.0,0.0,0.0,1958,1
0.49,0,0.6,0.02,1,0.1379801844814519,1.7390807195786921,0.5999999999999999,0.7717419776051253,0.30174793712426246,0.0,0.0,-1.0409283443872101e-19,0.0,1.0409283443872101e-19,0.46999404048086285,0.0,0.0,0.0,530,1
0.49,0,0.6,0.01,1,0.137980184470977,1.7390807196546079,0.6000000000000002,0.7717419775857588,0.30174793711942427,0.0,0.0,1.1595126557715774e-19,0.0,-1.1595126557715774e-19,0.4699940404663346,0.0,0.0,0.0,1046,1
0.49,0,0.6,0.005,1,0.13798018447101937,1.739080719654301,0.6,0.7717419775858998,0.3017479371195064,0.0,0.0,7.20626800441045e-20,0.0,-7.20626800441045e-20,0.4699940404663933,0.0,0.0,0.0,2090,1
0.49,0,0.75,0.02,1,0.1203483940771982,1.8757999833422783,0.7500000000000006,0.899209322034821,0.33445162462571787,0.0,0.0,-1.7821619517722388e-19,0.0,1.7821619517722388e-19,0.5647576974091031,0.0,0.0,0.0,572,1
0.49,0,0.75,0.01,1,0.12034839406339921,1.875799983456937,0.7499999999999999,0.8992093220151698,0.3344516246171341,0.0,0.0,9.390965566780407e-20,0.0,-9.390965566780407e-20,0.5647576973980357,0.0,0.0,0.0,1130,1
0.49,0,0.75,0.005,1,0.12034839406328722,1.8757999834578676,0.7500000000000001,0.8992093220157994,0.3344516246178534,0.0,0.0,7.672331102177686e-20,0.0,-7.672331102177686e-20,0.564757697397946,0.0,0.0,0.0,2258,1
0.49,0,1.0,0.02,1,0.10227906102741638,2.0384858337432337,1.0,1.1509140347118694,0.4022704650193396,0.0,0.0,-7.917835453028393e-20,0.0,7.917835453028393e-20,0.7486435696925298,0.0,0.0,0.0,620,1
0.49,0,1.0,0.01,1,0.10227906096656038,2.0384858343382333,1.0000000000000002,1.1509140347427977,0.4022704650079121,0.0,0.0,1.5206851579716692e-19,0.0,-1.5206851579716692e-19,0.7486435697348858,0.0,0.0,0.0,1226,1
0.49,0,1.0,0.005,1,0.10227906096692102,2.038485834334707,1.0000000000000007,1.1509140347448716,0.4022704650102361,0.0,0.0,1.7911899060437149e-19,0.0,-1.7911899060437149e-19,0.7486435697346354,0.0,0.0,0.0,2450,1
0.49,1,0.2,0.02,1,0.24028565941452282,1.1843623405922021,0.20000000000000004,0.567231624566067,0.2836158122830335,0.0,0.0,-2.0017909137832094e-19,0.0,2.0017909137832094e-19,0.2836158122830335,0.0,0.0,0.0,362,1
0.49,1,0.2,0.01,1,0.24028565941480365,1.1843623405910335,0.19999999999999996,0.567231624567278,0.283615812283639,0.0,0.0,-7.477082116908626e-20,0.0,7.477082116908626e-20,0.283615812283639,0.0,0.0,0.0,716,1
0.49,1,0.2,0.005,1,0.24028565941478663,1.1843623405911041,0.19999999999999993,0.5672316245672047,0.28361581228360233,0.0,0.0,-2.916357769372505e-20,0.0,2.916357769372505e-20,0.28361581228360233,0.0,0.0,0.0,1424,1
0.49,1,0.25,0.02,1,0.2172046197294692,1.2853509464053638,0.25,0.5935013188902859,0.29675065944514295,0.0,0.0,-2.9581263529276666e-19,0.0,2.9581263529276666e-19,0.29675065944514295,0.0,0.0,0.0,392,1
0.49,1,0.25,0.01,1,0.2172046197300762,1.2853509464025692,0.25000000000000006,0.5935013188930877,0.29675065944654383,0.0,0.0,-1.875296123520807e-20,0.0,1.875296123520807e-20,0.29675065944654383,0.0,0.0,0.0,776,1
0.49,1,0.25,0.005,1,0.21720461973007427,1.2853509464025783,0.25000000000000006,0.5935013188930786,0.2967506594465393,0.0,0.0,-3.6058390892761115e-20,0.0,3.6058390892761115e-20,0.2967506594465393,0.0,0.0,0.0,1550,1
0.49,1,0.3,0.02,1,0.19968264732859972,1.3694614607629008,0.29999999999999993,0.6215317206675973,0.31076586033379866,0.0,0.0,-3.644641802388914e-19,0.0,3.644641802388914e-19,0.31076586033379866,0.0,0.0,0.0,416,1
0.49,1,0.3,0.01,1,0.19968264732947338,1.3694614607585256,0.3,0.6215317206717973,0.31076586033589865,0.0,0.0,-8.416603552104257e-20,0.0,8.416603552104257e-20,0.31076586033589865,0.0,0.0,0.0,824,1
0.49,1,0.3,0.005,1,0.19968264732947913,1.3694614607584967,0.2999999999999999,0.6215317206718249,0.31076586033591247,0.0,0.0,-2.5079474023216192e-21,0.0,2.5079474023216192e-21,0.31076586033591247,0.0,0.0,0.0,1646,1
0.49,1,0.4,0.02,1,0.17414207153076391,1.506319334604029,0.3999999999999998,0.6836360645930566,0.3418180322965283,0.0,0.0,-4.358524180100846e-19,0.0,4.358524180100846e-19,0.3418180322965283,0.0,0.0,0.0,458,1
0.49,1,0.4,0.01,1,0.17414207153264388,1.5063193345932333,0.3999999999999999,0.6836360646023476,0.3418180323011738,0.0,0.0,-3.437608456276081e-20,0.0,3.437608456276081e-20,0.3418180323011738,0.0,0.0,0.0,908,1
0.49,1,0.4,0.005,1,0.17414207153268665,1.5063193345929877,0.40000000000000013,0.683636064602559,0.3418180323012795,0.0,0.0,-8.430485627594273e-20,0.0,8.430485627594273e-20,0.3418180323012795,0.0,0.0,0.0,1814,1
0.49,1,0.5,0.02,1,0.15599822179890901,1.6163461952520177,0.49999999999999994,0.7545285226296122,0.3772642613148061,0.0,0.0,-7.563967197301987e-19,0.0,7.563967197301987e-19,0.3772642613148061,0.0,0.0,0.0,494,1
0.49,1,0.5,0.01,1,0.15599822179309436,1.6163461952892915,0.5000000000000003,0.7545285226014402,0.3772642613007201,0.0,0.0,-2.8968477263194855e-19,0.0,2.8968477263194855e-19,0.3772642613007201,0.0,0.0,0.0,974,1
0.49,1,0.5,0.005,1,0.15599822179316586,1.6163461952888332,0.5000000000000003,0.7545285226017865,0.37726426130089324,0.0,0.0,-2.17492511014039e-19,0.0,2.17492511014039e-19,0.37726426130089324,0.0,0.0,0.0,1946,1
0.49,1,0.6,0.02,1,0.142345090050775,1.7079364826739656,0.6,0.8342858677544309,0.41714293387721546,0.0,0.0,-8.964528291985874e-19,0.0,8.964528291985874e-19,0.4171429338772154,0.0,0.0,0.0,518,1
0.49,1,0.6,0.01,1,0.14234509005695206,1.7079364826305707,0.5999999999999998,0.8342858677829048,0.4171429338914524,0.0,0.0,-3.260431834526313e-19,0.0,3.260431834526313e-19,0.4171429338914524,0.0,0.0,0.0,1028,1
0.49,1,0.6,0.005,1,0.14234509005714172,1.7079364826292383,0.5999999999999999,0.8342858677837792,0.4171429338918896,0.0,0.0,-5.835479658881428e-20,0.0,5.835479658881428e-20,0.4171429338918896,0.0,0.0,0.0,2054,1
0.49,1,0.75,0.02,1,0.12736419611500827,1.8191401352753935,0.75,0.9687453653038303,0.48437268265191513,0.0,0.0,-1.5490194125116566e-18,0.0,1.5490194125116566e-18,0.48437268265191513,0.0,0.0,0.0,554,1
0.49,1,0.75,0.01,1,0.12736419608693364,1.8191401354958217,0.7500000000000003,0.9687453651875798,0.4843726825937899,0.0,0.0,-6.162542840412106e-19,0.0,6.162542840412106e-19,0.4843726825937899,0.0,0.0,0.0,1094,1
0.49,1,0.75,0.005,1,0.12736419608705343,1.8191401354948808,0.75,0.9687453651880755,0.48437268259403776,0.0,0.0,1.5092633014979896e-19,0.0,-1.5092633014979896e-19,0.48437268259403776,0.0,0.0,0.0,2186,1
0.49,1,1.0,0.02,1,0.11142813811750654,1.9528109217799272,0.9999999999999998,1.2212839947985743,0.6106419973992873,0.0,0.0,-1.5646449233635706e-18,0.0,1.5646449233635706e-18,0.6106419973992872,0.0,0.0,0.0,596,1
0.49,1,1.0,0.01,1,0.11142813811979879,1.9528109217593557,0.9999999999999999,1.2212839948062284,0.6106419974031142,0.0,0.0,-1.5333205787721126e-18,0.0,1.5333205787721126e-18,0.6106419974031142,0.0,0.0,0.0,1178,1
0.49,1,1.0,0.005,1,0.1114281381174265,1.9528109217806455,0.9999999999999997,1.221283994798307,0.6106419973991535,0.0,0.0,-1.672428117600062e-19,0.0,1.672428117600062e-19,0.6106419973991535,0.0,0.0,0.0,2348,1
0.495,0,0.2,0.02,1,0.2671359050205902,1.0784332672440529,0.19999999999999996,0.5379616748801693,0.2485967948964681,0.0,0.0,-1.6386802626181543e-19,0.0,1.6386802626181543e-19,0.28936487998370125,0.0,0.0,0.0,332,1
0.495,0,0.2,0.01,1,0.2671359050198323,1.07843326724689,0.2000000000000001,0.5379616748785527,0.2485967948959747,0.0,0.0,1.211918816560978e-19,0.0,-1.211918816560978e-19,0.289364879982578,0.0,0.0,0.0,650,1
0.495,0,0.2,0.005,1,0.26713590501984313,1.0784332672468495,0.20000000000000007,0.5379616748785769,0.24859679489598305,0.0,0.0,1.2735630762411754e-19,0.0,-1.2735630762411754e-19,0.2893648799825939,0.0,0.0,0.0,1298,1
0.495,0,0.25,0.02,1,0.2350931267329255,1.206209084097346,0.25,0.5589095501285342,0.25248314682340633,0.0,0.0,-3.097985872160177e-19,0.0,3.097985872160177e-19,0.30642640330512777,0.0,0.0,0.0,368,1
0.495,0,0.25,0.01,1,0.23509312673352772,1.2062090840947846,0.24999999999999992,0.5589095501300383,0.2524831468239502,0.0,0.0,1.8606777954398434e-19,0.0,-1.8606777954398434e-19,0.30642640330608817,0.0,0.0,0.0,728,1
0.495,0,0.25,0.005,1,0.2350931267335404,1.2062090840947306,0.2499999999999999,0.5589095501300719,0.25248314682396356,0.0,0.0,7.057213432915193e-20,0.0,-7.057213432915193e-20,0.3064264033061084,0.0,0.0,0.0,1454,1
0.495,0,0.3,0.02,1,0.2112412496879343,1.3131899599278385,0.30000000000000027,0.5820146776129995,0.2570635107536631,0.0,0.0,-2.4792281609995964e-19,0.0,2.4792281609995964e-19,0.3249511668593364,0.0,0.0,0.0,404,1
0.495,0,0.3,0.01,1,0.21124124968791888,1.3131899599279115,0.30000000000000004,0.5820146776129463,0.25706351075363587,0.0,0.0,1.4085946957893056e-19,0.0,-1.4085946957893056e-19,0.32495116685931047,0.0,0.0,0.0,794,1
0.495,0,0.3,0.005,1,0.21124124968786856,1.3131899599281498,0.3,0.5820146776128301,0.2570635107536037,0.0,0.0,1.0049354142788756e-19,0.0,-1.0049354142788756e-19,0.3249511668592264,0.0,0.0,0.0,1580,1
0.495,0,0.4,0.02,1,0.17754239872311747,1.4869813572743955,0.4000000000000001,0.6351468309889456,0.2684276055425164,0.0,0.0,-2.340096838334797e-19,0.0,2.340096838334797e-19,0.3667192254464292,0.0,0.0,0.0,452,1
0.495,0,0.4,0.01,1,0.17754239872455288,1.4869813572663106,0.39999999999999997,0.6351468309933039,0.2684276055444196,0.0,0.0,1.704472020290153e-19,0.0,-1.704472020290153e-19,0.3667192254488844,0.0,0.0,0.0,896,1
0.495,0,0.4,0.005,1,0.17754239872459712,1.4869813572660615,0.4,0.6351468309934428,0.2684276055444827,0.0,0.0,1.842643006748669e-20,0.0,-1.842643006748669e-20,0.36671922544896013,0.0,0.0,0.0,1790,1
0.495,0,0.5,0.02,1,0.15460003444195414,1.6253494447772752,0.5000000000000002,0.6980317919509954,0.28287675765423687,0.0,0.0,-4.970556608290487e-19,0.0,4.970556608290487e-19,0.41515503429675854,0.0,0.0,0.0,494,1
0.495,0,0.5,0.01,1,0.15460003444316475,1.6253494447694445,0.4999999999999999,0.6980317919566622,0.28287675765794845,0.0,0.0,7.207265012534773e-20,0.0,-7.207265012534773e-20,0.41515503429871375,0.0,0.0,0.0,980,1
0.495,0,0.5,0.005,1,0.15460003444311088,1.625349444769793,0.4999999999999999,0.698031791956627,0.2828767576580002,0.0,0.0,3.4972324190665927e-20,0.0,-3.4972324190665927e-20,0.41515503429862677,0.0,0.0,0.0,1958,1
0.495,0,0.6,0.02,1,0.1379618718515818,1.7392134476603796,0.5999999999999999,0.7708587231190418,0.30047393029820046,0.0,0.0,-5.170236715312853e-19,0.0,5.170236715312853e-19,0.4703847928208414,0.0,0.0,0.0,530,1
0.495,0,0.6,0.01,1,0.1379618718411706,1.7392134477358439,0.6,0.7708587231003734,0.3004739302939569,0.0,0.0,1.4076794877887675e-19,0.0,-1.4076794877887675e-19,0.47038479280641654,0.0,0.0,0.0,1046,1
0.495,0,0.6,0.005,1,0.13796187184120315,1.739213447735608,0.6,0.7708587231004818,0.3004739302940201,0.0,0.0,2.2491700617256394e-20,0.0,-2.2491700617256394e-20,0.4703847928064617,0.0,0.0,0.0,2090,1
0.495,0,0.75,0.02,1,0.12032857164090964,1.8759647056809885,0.75,0.897793546588485,0.332542986291635,0.0,0.0,-7.285362853005069e-19,0.0,7.285362853005069e-19,0.5652505602968501,0.0,0.0,0.0,572,1
0.495,0,0.75,0.01,1,0.12032857162623943,1.8759647058029065,0.7500000000000002,0.8977935465687827,0.33254298628370943,0.0,0.0,3.35645755504023e-19,0.0,-3.35645755504023e-19,0.5652505602850733,0.0,0.0,0.0,1130,1
0.495,0,0.75,0.005,1,0.12032857162617808,1.8759647058034163,0.7500000000000002,0.897793546569472,0.33254298628444795,0.0,0.0,5.815985718530829e-20,0.0,-5.815985718530829e-20,0.5652505602850241,0.0,0.0,0.0,2258,1
0.495,0,1.0,0.02,1,0.10226317855930342,2.03864113142822,1.0000000000000004,1.1482056821664084,0.39892098708714446,0.0,0.0,-1.5997611135919896e-18,0.0,1.5997611135919896e-18,0.749284695079264,0.0,0.0,0.0,620,1
0.495,0,1.0,0.01,1,0.10226317849843095,2.038641132023473,0.9999999999999998,1.1482056822096671,0.3989209870879854,0.0,0.0,5.545569427050011e-19,0.0,-5.545569427050011e-19,0.7492846951216817,0.0,0.0,0.0,1226,1
0.495,0,1.0,0.005,1,0.10226317849873663,2.038641132020484,1.0000000000000007,1.1482056822113944,0.39892098708992474,0.0,0.0,-2.524088664336473e-19,0.0,2.524088664336473e-19,0.7492846951214696,0.0,0.0,0.0,2450,1
0.495,1,0.2,0.02,1,0.24045058408489098,1.1836762068585027,0.19999999999999996,0.5671737462441437,0.28358687312207187,0.0,0.0,-2.4353595417892567e-19,0.0,2.4353595417892567e-19,0.2835868731220718,0.0,0.0,0.0,362,1
0.495,1,0.2,0.01,1,0.2404505840850075,1.1836762068580182,0.20000000000000012,0.5671737462446466,0.2835868731223233,0.0,0.0,-2.6672723959999768e-20,0.0,2.6672723959999768e-20,0.2835868731223233,0.0,0.0,0.0,716,1
0.495,1,0.2,0.005,1,0.2404505840849818,1.183676206858125,0.20000000000000004,0.5671737462445355,0.28358687312226777,0.0,0.0,9.732405198228801e-20,0.0,-9.732405198228801e-20,0.28358687312226777,0.0,0.0,0.0,1424,1
0.495,1,0.25,0.02,1,0.2173677302061935,1.2846002751562247,0.2500000000000001,0.5934236285716747,0.29671181428583737,0.0,0.0,-2.832638096119602e-19,0.0,2.832638096119602e-19,0.2967118142858373,0.0,0.0,0.0,392,1
0.495,1,0.25,0.01,1,0.2173677302066023,1.284600275154344,0.25000000000000017,0.5934236285735615,0.29671181428678073,0.0,0.0,-6.765457395147751e-20,0.0,6.765457395147751e-20,0.29671181428678073,0.0,0.0,0.0,776,1
0.495,1,0.25,0.005,1,0.21736773020658212,1.2846002751544368,0.25000000000000006,0.5934236285734681,0.29671181428673404,0.0,0.0,6.86690977414248e-20,0.0,-6.86690977414248e-20,0.29671181428673404,0.0,0.0,0.0,1544,1
0.495,1,0.3,0.02,1,0.19984173371487607,1.3686650818572188,0.30000000000000004,0.6214348271850008,0.31071741359250044,0.0,0.0,-3.657424965739586e-19,0.0,3.657424965739586e-19,0.3107174135925004,0.0,0.0,0.0,416,1
0.495,1,0.3,0.01,1,0.19984173371592928,1.3686650818519488,0.3000000000000001,0.6214348271900628,0.3107174135950314,0.0,0.0,-3.3055151134640193e-20,0.0,3.3055151134640193e-20,0.3107174135950314,0.0,0.0,0.0,824,1
0.495,1,0.3,0.005,1,0.19984173371595124,1.3686650818518387,0.3,0.6214348271901681,0.31071741359508404,0.0,0.0,6.221444740121646e-20,0.0,-6.221444740121646e-20,0.31071741359508404,0.0,0.0,0.0,1646,1
0.495,1,0.4,0.02,1,0.17428879810893344,1.505477121128545,0.40000000000000024,0.683508189038015,0.34175409451900757,0.0,0.0,-6.229926884967396e-19,0.0,6.229926884967396e-19,0.34175409451900746,0.0,0.0,0.0,458,1
0.495,1,0.4,0.01,1,0.17428879811036635,1.5054771211203235,0.3999999999999999,0.6835081890450908,0.3417540945225454,0.0,0.0,-5.728573406871909e-20,0.0,5.728573406871909e-20,0.3417540945225454,0.0,0.0,0.0,908,1
0.495,1,0.4,0.005,1,0.17428879811035616,1.505477121120382,0.40000000000000024,0.6835081890450407,0.34175409452252037,0.0,0.0,1.0643829535114944e-19,0.0,-1.0643829535114944e-19,0.3417540945225204,0.0,0.0,0.0,1814,1
0.495,1,0.5,0.02,1,0.15612929652293633,1.615506315881964,0.4999999999999999,0.7543894874387997,0.3771947437193999,0.0,0.0,-7.759792928306058e-19,0.0,7.759792928306058e-19,0.37719474371939976,0.0,0.0,0.0,494,1
0.495,1,0.5,0.01,1,0.15612929651874366,1.6155063159088179,0.5,0.7543894874185159,0.37719474370925793,0.0,0.0,-1.5000451260381874e-19,0.0,1.5000451260381874e-19,0.37719474370925793,0.0,0.0,0.0,974,1
0.495,1,0.5,0.005,1,0.1561292965187181,1.6155063159089815,0.5000000000000001,0.7543894874183923,0.3771947437091961,0.0,0.0,-4.3454897236686413e-20,0.0,4.3454897236686413e-20,0.37719474370919615,0.0,0.0,0.0,1946,1
0.495,1,0.6,0.02,1,0.14245959042436013,1.7071324201876121,0.6000000000000001,0.8341653582675113,0.41708267913375574,0.0,0.0,-1.4886635730697235e-18,0.0,1.4886635730697235e-18,0.41708267913375546,0.0,0.0,0.0,518,1
0.495,1,0.6,0.01,1,0.14245959043035145,1.7071324201455558,0.6000000000000003,0.8341653582950641,0.41708267914753205,0.0,0.0,-3.60654362547896e-19,0.0,3.60654362547896e-19,0.41708267914753205,0.0,0.0,0.0,1028,1
0.495,1,0.6,0.005,1,0.1424595904305453,1.707132420144195,0.5999999999999999,0.834165358295955,0.4170826791479775,0.0,0.0,6.756351124386553e-20,0.0,-6.756351124386553e-20,0.41708267914797753,0.0,0.0,0.0,2054,1
0.495,1,0.75,0.02,1,0.12745597309992637,1.818419807766239,0.7499999999999999,0.9687153723828816,0.48435768619144104,0.0,0.0,-1.4341930896728682e-18,0.0,1.4341930896728682e-18,0.4843576861914406,0.0,0.0,0.0,554,1
0.495,1,0.75,0.01,1,0.1274559730715158,1.818419807989144,0.7499999999999994,0.9687153722657327,0.48435768613286634,0.0,0.0,-2.7375465754814816e-19,0.0,2.7375465754814816e-19,0.48435768613286634,0.0,0.0,0.0,1094,1
0.495,1,0.75,0.005,1,0.12745597307180087,1.8184198079869074,0.75,0.9687153722669088,0.4843576861334544,0.0,0.0,-1.0615817096849274e-19,0.0,1.0615817096849274e-19,0.4843576861334545,0.0,0.0,0.0,2186,1
0.495,1,1.0,0.02,1,0.11149329465060413,1.952226352282558,1.0000000000000002,1.2215344539314112,0.610767226965706,0.0,0.0,-2.120377987939207e-18,0.0,2.120377987939207e-18,0.6107672269657052,0.0,0.0,0.0,590,1
0.495,1,1.0,0.01,1,0.11149329465369262,1.952226352254857,0.9999999999999998,1.2215344539416386,0.6107672269708193,0.0,0.0,3.5291158382997478e-19,0.0,-3.5291158382997478e-19,0.6107672269708193,0.0,0.0,0.0,1178,1
0.495,1,1.0,0.005,1,0.11149329465164955,1.9522263522731815,1.0000000000000002,1.2215344539348738,0.6107672269674368,0.0,0.0,-3.7968944464885093e-19,0.0,3.7968944464885093e-19,0.6107672269674369,0.0,0.0,0.0,2348,1
0.5,0,0.2,0.02,1,0.26737158637876024,1.0775514035574398,0.2000000000000001,0.5377405672395269,0.24833536109734344,0.0,0.0,4.4120921409185494e-21,0.0,-4.4120921409185494e-21,0.28940520614218346,0.0,0.0,0.0,332,1
0.5,0,0.2,0.01,1,0.26737158637802083,1.0775514035602054,0.20000000000000004,0.5377405672379583,0.24833536109686766,0.0,0.0,7.145962430379144e-20,0.0,-7.145962430379144e-20,0.2894052061410906,0.0,0.0,0.0,650,1
0.5,0,0.2,0.005,1,0.26737158637803654,1.0775514035601468,0.19999999999999996,0.537740567237993,0.24833536109687923,0.0,0.0,-7.210343810358315e-20,0.0,7.210343810358315e-20,0.28940520614111376,0.0,0.0,0.0,1298,1
0.5,0,0.25,0.02,1,0.23524290936552822,1.2055721665483161,0.25000000000000006,0.5586358892874095,0.25213309539881107,0.0,0.0,-7.426802783905666e-20,0.0,7.426802783905666e-20,0.30650279388859836,0.0,0.0,0.0,368,1
0.5,0,0.25,0.01,1,0.23524290936604678,1.2055721665461117,0.2500000000000001,0.5586358892887138,0.2521330953992908,0.0,0.0,2.089743480122832e-20,0.0,-2.089743480122832e-20,0.3065027938894229,0.0,0.0,0.0,728,1
0.5,0,0.25,0.005,1,0.23524290936604814,1.2055721665461059,0.25000000000000006,0.5586358892887207,0.2521330953992957,0.0,0.0,-1.1859136513560435e-19,0.0,1.1859136513560435e-19,0.306502793889425,0.0,0.0,0.0,1454,1
0.5,0,0.3,0.02,1,0.21133198755501925,1.3127605059989929,0.2999999999999999,0.5816861537570273,0.25661698925832155,0.0,0.0,5.251866706592169e-20,0.0,-5.251866706592169e-20,0.32506916449870576,0.0,0.0,0.0,404,1
0.5,0,0.3,0.01,1,0.21133198755507898,1.3127605059987102,0.3000000000000001,0.5816861537571543,0.256616989258349,0.0,0.0,1.1205730754230051e-19,0.0,-1.1205730754230051e-19,0.3250691644988053,0.0,0.0,0.0,794,1
0.5,0,0.3,0.005,1,0.21133198755502938,1.312760505998945,0.3000000000000002,0.5816861537570397,0.2566169892583168,0.0,0.0,-1.4370175690948562e-19,0.0,1.4370175690948562e-19,0.32506916449872286,0.0,0.0,0.0,1580,1
0.5,0,0.4,0.02,1,0.1775642140770822,1.4868584907706144,0.3999999999999999,0.634689359625468,0.2677590842257668,0.0,0.0,4.7039343719218583e-20,0.0,-4.7039343719218583e-20,0.36693027539970124,0.0,0.0,0.0,452,1
0.5,0,0.4,0.01,1,0.17756421407850134,1.486858490762622,0.4,0.6346893596297348,0.2677590842276124,0.0,0.0,1.4325866493480582e-19,0.0,-1.4325866493480582e-19,0.3669302754021224,0.0,0.0,0.0,896,1
0.5,0,0.4,0.005,1,0.17756421407854314,1.4868584907623867,0.39999999999999986,0.634689359629866,0.2677590842276722,0.0,0.0,-1.7780519759612712e-20,0.0,1.7780519759612712e-20,0.36693027540219375,0.0,0.0,0.0,1790,1
0.5,0,0.5,0.02,1,0.15459135722919864,1.625405573201232,0.5,0.6973968033950138,0.28193670785464386,0.0,0.0,2.203602985502766e-19,0.0,-2.203602985502766e-19,0.41546009554036994,0.0,0.0,0.0,494,1
0.5,0,0.5,0.01,1,0.15459135723046924,1.625405573193013,0.5,0.6973968034006846,0.2819367078582661,0.0,0.0,1.6042506181143652e-19,0.0,-1.6042506181143652e-19,0.4154600955424184,0.0,0.0,0.0,980,1
0.5,0,0.5,0.005,1,0.15459135723042072,1.6254055731933268,0.5000000000000001,0.6973968034006608,0.28193670785832076,0.0,0.0,-4.121235746278746e-20,0.0,4.121235746278746e-20,0.4154600955423401,0.0,0.0,0.0,1958,1
0.5,0,0.6,0.02,1,0.13794270467656736,1.7393523882701112,0.5999999999999995,0.769972810525996,0.2992001024146288,0.0,0.0,4.0863010533897546e-19,0.0,-4.0863010533897546e-19,0.47077270811136723,0.0,0.0,0.0,530,1
0.5,0,0.6,0.01,1,0.13794270466623917,1.739352388344984,0.6000000000000003,0.7699728105080481,0.2992001024109784,0.0,0.0,1.2541393994071066e-19,0.0,-1.2541393994071066e-19,0.47077270809706967,0.0,0.0,0.0,1046,1
0.5,0,0.6,0.005,1,0.13794270466626204,1.7393523883448183,0.5999999999999999,0.7699728105081239,0.29920010241102296,0.0,0.0,-1.7621263199538997e-19,0.0,1.7621263199538997e-19,0.470772708097101,0.0,0.0,0.0,2090,1
0.5,0,0.75,0.02,1,0.12030920008640711,1.8761257074589333,0.75,0.8963644820036432,0.3306320446817017,0.0,0.0,7.483747717438171e-19,0.0,-7.483747717438171e-19,0.5657324373219415,0.0,0.0,0.0,572,1
0.5,0,0.75,0.01,1,0.12030920007091557,1.8761257075876976,0.7500000000000003,0.8963644819840579,0.33063204467457513,0.0,0.0,1.5938609184128693e-19,0.0,-1.5938609184128693e-19,0.5657324373094829,0.0,0.0,0.0,1130,1
0.5,0,0.75,0.005,1,0.12030920007090092,1.8761257075878195,0.7499999999999996,0.8963644819847878,0.33063204467531704,0.0,0.0,-3.056997314886384e-19,0.0,3.056997314886384e-19,0.5657324373094708,0.0,0.0,0.0,2258,1
0.5,0,1.0,0.02,1,0.10224948939140431,2.0387750025283013,0.9999999999999999,1.1454495591780083,0.39556150117398087,0.0,0.0,1.7700299986171837e-18,0.0,-1.7700299986171837e-18,0.7498880580040275,0.0,0.0,0.0,620,1
0.5,0,1.0,0.01,1,0.10224948933063198,2.038775003122655,1.0000000000000002,1.1454495592325706,0.3955615011862521,0.0,0.0,1.029598332028075e-19,0.0,-1.029598332028075e-19,0.7498880580463186,0.0,0.0,0.0,1226,1
0.5,0,1.0,0.005,1,0.1022494893308869,2.0387750031201617,1.0000000000000007,1.1454495592340175,0.395561501187876,0.0,0.0,-2.090202106447247e-19,0.0,2.090202106447247e-19,0.7498880580461416,0.0,0.0,0.0,2450,1
0.5,1,0.2,0.02,1,0.24061574686452838,1.1829895539979676,0.2,0.5671158582051659,0.28355792910258293,0.0,0.0,-1.7192815583100166e-19,0.0,1.7192815583100166e-19,0.28355792910258293,0.0,0.0,0.0,362,1
0.5,1,0.2,0.01,1,0.24061574686446302,1.1829895539982391,0.20000000000000004,0.5671158582048842,0.2835579291024421,0.0,0.0,1.9858811253289831e-19,0.0,-1.9858811253289831e-19,0.2835579291024421,0.0,0.0,0.0,716,1
0.5,1,0.2,0.005,1,0.24061574686443374,1.1829895539983608,0.20000000000000012,0.5671158582047582,0.2835579291023791,0.0,0.0,-2.2170199681168878e-19,0.0,2.2170199681168878e-19,0.2835579291023791,0.0,0.0,0.0,1424,1
0.5,1,0.25,0.02,1,0.21753107601785268,1.283849085146031,0.2500000000000001,0.5933459321388567,0.29667296606942833,0.0,0.0,-2.5290402934021573e-19,0.0,2.5290402934021573e-19,0.29667296606942833,0.0,0.0,0.0,392,1
0.5,1,0.25,0.01,1,0.2175310760180185,1.2838490851452686,0.25000000000000017,0.5933459321396218,0.2966729660698109,0.0,0.0,2.7635957351938534e-19,0.0,-2.7635957351938534e-19,0.2966729660698109,0.0,0.0,0.0,776,1
0.5,1,0.25,0.005,1,0.21753107601798313,1.2838490851454312,0.2500000000000001,0.5933459321394585,0.29667296606972926,0.0,0.0,-2.2938717226704354e-19,0.0,2.2938717226704354e-19,0.29667296606972926,0.0,0.0,0.0,1544,1
0.5,1,0.3,0.02,1,0.20000105160628112,1.3678681791460277,0.3,0.6213379300178083,0.3106689650089042,0.0,0.0,-3.0217833042405964e-19,0.0,3.0217833042405964e-19,0.3106689650089042,0.0,0.0,0.0,416,1
0.5,1,0.3,0.01,1,0.20000105160742454,1.3678681791403107,0.29999999999999977,0.6213379300233018,0.3106689650116509,0.0,0.0,1.0759302171778127e-19,0.0,-1.0759302171778127e-19,0.3106689650116509,0.0,0.0,0.0,824,1
0.5,1,0.3,0.005,1,0.20000105160745982,1.3678681791401344,0.29999999999999993,0.6213379300234715,0.31066896501173574,0.0,0.0,-2.401860519309658e-19,0.0,2.401860519309658e-19,0.31066896501173574,0.0,0.0,0.0,1646,1
0.5,1,0.4,0.02,1,0.17443573908135918,1.504634387305992,0.40000000000000036,0.6833803188810788,0.3416901594405394,0.0,0.0,-4.959359108626384e-19,0.0,4.959359108626384e-19,0.3416901594405394,0.0,0.0,0.0,458,1
0.5,1,0.4,0.01,1,0.1744357390821566,1.5046343873014205,0.39999999999999986,0.6833803188850129,0.34169015944250647,0.0,0.0,2.545863697059534e-19,0.0,-2.545863697059534e-19,0.34169015944250647,0.0,0.0,0.0,908,1
0.5,1,0.4,0.005,1,0.17443573908208856,1.5046343873018104,0.4000000000000002,0.6833803188846779,0.34169015944233894,0.0,0.0,-3.0573324667649663e-19,0.0,3.0573324667649663e-19,0.34169015944233894,0.0,0.0,0.0,1808,1
0.5,1,0.5,0.02,1,0.1562605498755272,1.6146659981710803,0.5000000000000001,0.7542505144674386,0.3771252572337193,0.0,0.0,-7.125043845699327e-19,0.0,7.125043845699327e-19,0.3771252572337193,0.0,0.0,0.0,494,1
0.5,1,0.5,0.01,1,0.15626054987312835,1.614665998186432,0.5000000000000001,0.7542505144558498,0.3771252572279249,0.0,0.0,7.37060400795612e-19,0.0,-7.37060400795612e-19,0.3771252572279249,0.0,0.0,0.0,974,1
0.5,1,0.5,0.005,1,0.15626054987299667,1.6146659981872746,0.5,0.7542505144552134,0.37712525722760665,0.0,0.0,-2.8588551936320823e-19,0.0,2.8588551936320823e-19,0.3771252572276067,0.0,0.0,0.0,1940,1
0.5,1,0.6,0.02,1,0.1425742167593406,1.7063281202184797,0.6,0.8340450925927254,0.4170225462963627,0.0,0.0,-3.677021768552223e-19,0.0,3.677021768552223e-19,0.4170225462963627,0.0,0.0,0.0,518,1
0.5,1,0.6,0.01,1,0.14257421676453172,1.7063281201820697,0.6000000000000003,0.8340450926165416,0.4170225463082708,0.0,0.0,9.365089870343598e-19,0.0,-9.365089870343598e-19,0.4170225463082708,0.0,0.0,0.0,1028,1
0.5,1,0.6,0.005,1,0.1425742167646374,1.7063281201813285,0.5999999999999998,0.8340450926170259,0.4170225463085129,0.0,0.0,1.531800218697228e-20,0.0,-1.531800218697228e-20,0.417022546308513,0.0,0.0,0.0,2054,1
0.5,1,0.75,0.02,1,0.127547787817068,1.8176997029271653,0.7500000000000001,0.968686247730983,0.4843431238654915,0.0,0.0,-1.3388470431017528e-18,0.0,1.3388470431017528e-18,0.4843431238654915,0.0,0.0,0.0,554,1
0.5,1,0.75,0.01,1,0.12754778778982176,1.817699703140781,0.7499999999999999,0.9686862476191075,0.48434312380955374,0.0,0.0,1.622293621042906e-18,0.0,-1.622293621042906e-18,0.48434312380955374,0.0,0.0,0.0,1094,1
0.5,1,0.75,0.005,1,0.1275477877902041,1.8176997031377835,0.7500000000000007,0.9686862476206782,0.48434312381033906,0.0,0.0,-1.205309404536253e-19,0.0,1.205309404536253e-19,0.48434312381033917,0.0,0.0,0.0,2186,1
0.5,1,1.0,0.02,1,0.11155838407221003,1.9516427258886555,1.0000000000000002,1.2217875842157917,0.6108937921078958,0.0,0.0,-5.549486605089176e-19,0.0,5.549486605089176e-19,0.6108937921078958,0.0,0.0,0.0,590,1
0.5,1,1.0,0.01,1,0.11155838407800538,1.9516427258367064,0.9999999999999999,1.2217875842348207,0.6108937921174104,0.0,0.0,3.7386332254282576e-18,0.0,-3.7386332254282576e-18,0.6108937921174104,0.0,0.0,0.0,1178,1
0.5,1,1.0,0.005,1,0.11155838407653239,1.9516427258499103,1.0,1.221787584229984,0.6108937921149917,0.0,0.0,-3.697551253768596e-19,0.0,3.697551253768596e-19,0.6108937921149922,0.0,0.0,0.0,2348,1
0.52,0,0.2,0.02,1,0.26828251755312965,1.0741502084734107,0.20000000000000004,0.5368719461113185,0.24730293120391403,0.0,0.0,4.887774452000337e-20,0.0,-4.887774452000337e-20,0.28956901490740444,0.0,0.0,0.0,332,1
0.52,0,0.2,0.01,1,0.26828251755295585,1.0741502084740586,0.19999999999999993,0.5368719461109615,0.24730293120381083,0.0,0.0,-1.3668270001961468e-19,0.0,1.3668270001961468e-19,0.28956901490715065,0.0,0.0,0.0,650,1
0.52,0,0.2,0.005,1,0.2682825175529393,1.0741502084741201,0.20000000000000007,0.5368719461109284,0.24730293120380176,0.0,0.0,-1.1094644622256721e-20,0.0,1.1094644622256721e-20,0.28956901490712655,0.0,0.0,0.0,1292,1
0.52,0,0.25,0.02,1,0.23581093708167605,1.203160433810084,0.24999999999999992,0.5575600225767743,0.2507475529148558,0.0,0.0,4.382928482832615e-20,0.0,-4.382928482832615e-20,0.30681246966191844,0.0,0.0,0.0,368,1
0.52,0,0.25,0.01,1,0.23581093708161036,1.2031604338103628,0.24999999999999997,0.5575600225767462,0.25074755291493084,0.0,0.0,-2.579695249832158e-19,0.0,2.579695249832158e-19,0.30681246966181536,0.0,0.0,0.0,728,1
0.52,0,0.25,0.005,1,0.23581093708157563,1.2031604338105097,0.25000000000000006,0.5575600225766719,0.2507475529149111,0.0,0.0,7.00442630438842e-20,0.0,-7.00442630438842e-20,0.30681246966176084,0.0,0.0,0.0,1448,1
0.52,0,0.3,0.02,1,0.21166526949247155,1.3111846943318193,0.3,0.5803930924881767,0.25484627212529987,0.0,0.0,1.7356331565135642e-19,0.0,-1.7356331565135642e-19,0.32554682036287685,0.0,0.0,0.0,398,1
0.52,0,0.3,0.01,1,0.2116652694926949,1.311184694330764,0.29999999999999977,0.5803930924886955,0.2548462721254518,0.0,0.0,-2.4806131160795327e-19,0.0,2.4806131160795327e-19,0.3255468203632438,0.0,0.0,0.0,794,1
0.52,0,0.3,0.005,1,0.21166526949267545,1.3111846943308558,0.3,0.580393092488652,0.25484627212544,0.0,0.0,6.344359743617731e-20,0.0,-6.344359743617731e-20,0.32554682036321203,0.0,0.0,0.0,1580,1
0.52,0,0.4,0.02,1,0.17762693601557683,1.4865053178994423,0.40000000000000013,0.6328803600018565,0.2650998508445293,0.0,0.0,1.872508158715784e-19,0.0,-1.872508158715784e-19,0.36778050915732724,0.0,0.0,0.0,452,1
0.52,0,0.4,0.01,1,0.17762693601693944,1.486505317891771,0.4000000000000002,0.6328803600057611,0.26509985084613236,0.0,0.0,-1.9943037987450177e-19,0.0,1.9943037987450177e-19,0.3677805091596287,0.0,0.0,0.0,896,1
0.52,0,0.4,0.005,1,0.17762693601697185,1.4865053178915886,0.39999999999999986,0.6328803600058635,0.2650998508461801,0.0,0.0,4.2949704947415074e-20,0.0,-4.2949704947415074e-20,0.36778050915968336,0.0,0.0,0.0,1790,1
0.52,0,0.5,0.02,1,0.15453951776052346,1.6257409616942957,0.5,0.6948656255387022,0.278188026450624,0.0,0.0,4.0062212525634676e-19,0.0,-4.0062212525634676e-19,0.4166775990880782,0.0,0.0,0.0,494,1
0.52,0,0.5,0.01,1,0.15453951776212005,1.6257409616839644,0.4999999999999999,0.6948656255445174,0.27818802645388213,0.0,0.0,-1.9907307426388827e-19,0.0,1.9907307426388827e-19,0.41667759909063523,0.0,0.0,0.0,980,1
0.52,0,0.5,0.005,1,0.15453951776210376,1.62574096168407,0.49999999999999967,0.6948656255445629,0.2781880264539538,0.0,0.0,6.632079987377751e-20,0.0,-6.632079987377751e-20,0.41667759909060903,0.0,0.0,0.0,1958,1
0.52,0,0.6,0.02,1,0.13785745631589474,1.739970577636504,0.5999999999999999,0.7664062236593139,0.29410961786316464,0.0,0.0,8.008568780135171e-19,0.0,-8.008568780135171e-19,0.47229660579614924,0.0,0.0,0.0,530,1
0.52,0,0.6,0.01,1,0.13785745630612403,1.7399705777073793,0.5999999999999999,0.76640622364442,0.29410961786178164,0.0,0.0,-1.8277504441864774e-19,0.0,1.8277504441864774e-19,0.4722966057826384,0.0,0.0,0.0,1046,1
0.52,0,0.6,0.005,1,0.13785745630612184,1.7399705777073953,0.5999999999999998,0.766406223644424,0.2941096178617888,0.0,0.0,5.801816206985473e-20,0.0,-5.801816206985473e-20,0.47229660578263516,0.0,0.0,0.0,2090,1
0.52,0,0.75,0.02,1,0.12023607251593357,1.8767337225068719,0.7500000000000002,0.8905265503093813,0.32297542916685645,0.0,0.0,1.4837922750193101e-18,0.0,-1.4837922750193101e-18,0.5675511211425248,0.0,0.0,0.0,572,1
0.52,0,0.75,0.01,1,0.1202360724976645,1.8767337226588152,0.75,0.8905265502915041,0.32297542916390415,0.0,0.0,-7.928164647452207e-20,0.0,7.928164647452207e-20,0.5675511211275999,0.0,0.0,0.0,1130,1
0.52,0,0.75,0.005,1,0.12023607249779343,1.876733722657743,0.7499999999999998,0.8905265502922584,0.32297542916455346,0.0,0.0,1.7766905467273021e-19,0.0,-1.7766905467273021e-19,0.5675511211277049,0.0,0.0,0.0,2258,1
0.52,0,1.0,0.02,1,0.10221666491098898,2.039096077483805,0.9999999999999998,1.1339825318096957,0.38206021706722565,0.0,0.0,2.1305536325676622e-18,0.0,-2.1305536325676622e-18,0.7519223147424701,0.0,0.0,0.0,620,1
0.52,0,1.0,0.01,1,0.10221666485090594,2.039096078071606,1.0000000000000009,1.1339825318989618,0.3820602171160093,0.0,0.0,-3.838272580175351e-20,0.0,3.838272580175351e-20,0.7519223147829526,0.0,0.0,0.0,1226,1
0.52,0,1.0,0.005,1,0.10221666485103603,2.039096078070333,1.0,1.1339825318997905,0.3820602171169263,0.0,0.0,4.50624855011104e-19,0.0,-4.50624855011104e-19,0.7519223147828642,0.0,0.0,0.0,2450,1
0.52,1,0.2,0.02,1,0.241278763656591,1.1802378430075087,0.19999999999999998,0.5668842175627631,0.28344210878138154,0.0,0.0,-1.6785969036254916e-19,0.0,1.6785969036254916e-19,0.28344210878138154,0.0,0.0,0.0,362,1
0.52,1,0.2,0.01,1,0.24127876365583056,1.1802378430106604,0.2000000000000001,0.566884217559483,0.2834421087797415,0.0,0.0,3.2544651087793014e-19,0.0,-3.2544651087793014e-19,0.2834421087797415,0.0,0.0,0.0,716,1
0.52,1,0.2,0.005,1,0.24127876365583004,1.1802378430106626,0.2000000000000001,0.5668842175594808,0.2834421087797404,0.0,0.0,-6.521157284048519e-20,0.0,6.521157284048519e-20,0.2834421087797404,0.0,0.0,0.0,1424,1
0.52,1,0.25,0.02,1,0.21818679744575578,1.2808392388080088,0.25,0.5930350969073894,0.2965175484536947,0.0,0.0,-2.640179801427794e-19,0.0,2.640179801427794e-19,0.2965175484536947,0.0,0.0,0.0,392,1
0.52,1,0.25,0.01,1,0.21818679744481032,1.2808392388123422,0.24999999999999972,0.5930350969030278,0.2965175484515139,0.0,0.0,3.5254134681836977e-19,0.0,-3.5254134681836977e-19,0.2965175484515139,0.0,0.0,0.0,776,1
0.52,1,0.25,0.005,1,0.21818679744480085,1.2808392388123855,0.24999999999999997,0.5930350969029847,0.29651754845149236,0.0,0.0,1.2663312145956635e-20,0.0,-1.2663312145956635e-20,0.29651754845149236,0.0,0.0,0.0,1544,1
0.52,1,0.3,0.02,1,0.20064062359034981,1.364675438265791,0.2999999999999999,0.6209503189957241,0.31047515949786203,0.0,0.0,-3.256019012829518e-19,0.0,3.256019012829518e-19,0.31047515949786203,0.0,0.0,0.0,416,1
0.52,1,0.3,0.01,1,0.20064062359088072,1.364675438263145,0.30000000000000004,0.6209503189982719,0.31047515949913596,0.0,0.0,6.517687872920949e-19,0.0,-6.517687872920949e-19,0.31047515949913596,0.0,0.0,0.0,824,1
0.52,1,0.3,0.005,1,0.20064062359085189,1.3646754382632886,0.3000000000000001,0.6209503189981338,0.3104751594990669,0.0,0.0,7.011213796157699e-20,0.0,-7.011213796157699e-20,0.3104751594990669,0.0,0.0,0.0,1640,1
0.52,1,0.4,0.02,1,0.175025633392752,1.5012583639847605,0.39999999999999997,0.6828689116204834,0.3414344558102417,0.0,0.0,-2.296148009395207e-20,0.0,2.296148009395207e-20,0.3414344558102417,0.0,0.0,0.0,458,1
0.52,1,0.4,0.01,1,0.1750256333900892,1.5012583639999744,0.40000000000000024,0.6828689116073847,0.34143445580369236,0.0,0.0,8.614128503794888e-19,0.0,-8.614128503794888e-19,0.34143445580369236,0.0,0.0,0.0,908,1
0.52,1,0.4,0.005,1,0.17502563339003704,1.5012583640002723,0.39999999999999986,0.6828689116071277,0.34143445580356385,0.0,0.0,2.151497748965503e-19,0.0,-2.151497748965503e-19,0.34143445580356385,0.0,0.0,0.0,1808,1
0.52,1,0.5,0.02,1,0.1567873356555443,1.6113004665601156,0.5000000000000004,0.7536952705599091,0.3768476352799546,0.0,0.0,2.5978858561680135e-19,0.0,-2.5978858561680135e-19,0.3768476352799546,0.0,0.0,0.0,488,1
0.52,1,0.5,0.01,1,0.15678733565658667,1.6113004665534674,0.5000000000000001,0.7536952705649147,0.37684763528245735,0.0,0.0,1.3207532379598876e-18,0.0,-1.3207532379598876e-18,0.37684763528245735,0.0,0.0,0.0,974,1
0.52,1,0.5,0.005,1,0.15678733565648317,1.6113004665541275,0.49999999999999983,0.7536952705644173,0.37684763528220866,0.0,0.0,2.825005669334296e-19,0.0,-2.825005669334296e-19,0.37684763528220866,0.0,0.0,0.0,1940,1
0.52,1,0.6,0.02,1,0.14303396465076443,1.7031086866136602,0.5999999999999996,0.8335665121373028,0.4167832560686514,0.0,0.0,8.40995096127301e-19,0.0,-8.40995096127301e-19,0.4167832560686514,0.0,0.0,0.0,518,1
0.52,1,0.6,0.01,1,0.14303396464762702,1.703108686635595,0.6,0.833566512123047,0.4167832560615235,0.0,0.0,1.738005681961917e-18,0.0,-1.738005681961917e-18,0.4167832560615235,0.0,0.0,0.0,1028,1
0.52,1,0.6,0.005,1,0.14303396464720558,1.7031086866385414,0.6000000000000003,0.8335665121211322,0.4167832560605661,0.0,0.0,1.786928343689788e-19,0.0,-1.786928343689788e-19,0.4167832560605661,0.0,0.0,0.0,2048,1
0.52,1,0.75,0.02,1,0.12791539906641206,1.8148217031059872,0.7499999999999999,0.9685785520707572,0.4842892760353786,0.0,0.0,1.1615184092161479e-18,0.0,-1.1615184092161479e-18,0.4842892760353786,0.0,0.0,0.0,554,1
0.52,1,0.75,0.01,1,0.12791539905637644,1.8148217031844422,0.75,0.9685785520302493,0.48428927601512467,0.0,0.0,2.6727023249733193e-18,0.0,-2.6727023249733193e-18,0.48428927601512467,0.0,0.0,0.0,1094,1
0.52,1,0.75,0.005,1,0.12791539905592236,1.8148217031879923,0.7500000000000001,0.9685785520284168,0.4842892760142084,0.0,0.0,1.2893430075240651e-20,0.0,-1.2893430075240651e-20,0.4842892760142084,0.0,0.0,0.0,2180,1
0.52,1,1.0,0.02,1,0.11181803720609972,1.9493179214231733,1.0,1.2228271665020964,0.6114135832510482,0.0,0.0,2.694726822821609e-18,0.0,-2.694726822821609e-18,0.6114135832510482,0.0,0.0,0.0,590,1
0.52,1,1.0,0.01,1,0.11181803723100238,1.9493179212004663,1.0000000000000004,1.2228271665810815,0.6114135832905407,0.0,0.0,4.32424945196334e-18,0.0,-4.32424945196334e-18,0.6114135832905407,0.0,0.0,0.0,1172,1
0.52,1,1.0,0.005,1,0.11181803723117356,1.9493179211989353,1.0000000000000004,1.2228271665816242,0.6114135832908121,0.0,0.0,-5.777398582141511e-19,0.0,5.777398582141511e-19,0.6114135832908121,0.0,0.0,0.0,2342,1
0.55,0,0.2,0.02,1,0.26955466274091794,1.0694196037223724,0.19999999999999996,0.5356146644481722,0.24579227257151495,0.0,0.0,8.746867069703986e-20,0.0,-8.746867069703986e-20,0.2898223918766572,0.0,0.0,0.0,326,1
0.55,0,0.2,0.01,1,0.26955466274125467,1.0694196037211232,0.2,0.5356146644488436,0.24579227257170405,0.0,0.0,1.4672212104811368e-19,0.0,-1.4672212104811368e-19,0.2898223918771396,0.0,0.0,0.0,644,1
0.55,0,0.2,0.005,1,0.26955466274125733,1.0694196037211134,0.19999999999999993,0.5356146644488485,0.24579227257170516,0.0,0.0,7.204314231850636e-21,0.0,-7.204314231850636e-21,0.28982239187714337,0.0,0.0,0.0,1286,1
0.55,0,0.25,0.02,1,0.23657064515647425,1.1999439293638807,0.24999999999999994,0.5560007059401899,0.24871107955467653,0.0,0.0,9.356966142535932e-20,0.0,-9.356966142535932e-20,0.3072896263855134,0.0,0.0,0.0,368,1
0.55,0,0.25,0.01,1,0.2365706451555003,1.1999439293679977,0.2499999999999999,0.5560007059382577,0.2487110795542457,0.0,0.0,7.53515305792891e-20,0.0,-7.53515305792891e-20,0.3072896263840119,0.0,0.0,0.0,722,1
0.55,0,0.25,0.005,1,0.2365706451555007,1.1999439293679959,0.2500000000000001,0.5560007059382585,0.24871107955424568,0.0,0.0,-2.3498244816337557e-20,0.0,2.3498244816337557e-20,0.30728962638401275,0.0,0.0,0.0,1442,1
0.55,0,0.3,0.02,1,0.21207703663603064,1.3092412146876518,0.30000000000000004,0.5785149960459026,0.25223417504012074,0.0,0.0,1.620551761431194e-19,0.0,-1.620551761431194e-19,0.32628082100578193,0.0,0.0,0.0,398,1
0.55,0,0.3,0.01,1,0.21207703663672986,1.3092412146843546,0.30000000000000004,0.5785149960474665,0.25223417504055523,0.0,0.0,5.547456942951149e-20,0.0,-5.547456942951149e-20,0.3262808210069113,0.0,0.0,0.0,788,1
0.55,0,0.3,0.005,1,0.21207703663673755,1.3092412146843184,0.3,0.5785149960474831,0.2522341750405594,0.0,0.0,-4.9179344216877e-20,0.0,4.9179344216877e-20,0.32628082100692374,0.0,0.0,0.0,1574,1
0.55,0,0.4,0.02,1,0.17764799371849888,1.4863867747589934,0.4,0.6302300734774773,0.2611549480315535,0.0,0.0,2.4188233784847585e-19,0.0,-2.4188233784847585e-19,0.36907512544592386,0.0,0.0,0.0,452,1
0.55,0,0.4,0.01,1,0.1776479937198711,1.486386774751269,0.4000000000000002,0.6302300734810358,0.2611549480328266,0.0,0.0,8.553935547537425e-20,0.0,-8.553935547537425e-20,0.36907512544820925,0.0,0.0,0.0,896,1
0.55,0,0.4,0.005,1,0.1776479937199002,1.4863867747511053,0.40000000000000013,0.6302300734811204,0.2611549480328627,0.0,0.0,-5.510138769807988e-20,0.0,5.510138769807988e-20,0.36907512544825766,0.0,0.0,0.0,1790,1
0.55,0,0.5,0.02,1,0.15441048840937113,1.626576238315609,0.4999999999999999,0.6911023262854197,0.2726043626117543,0.0,0.0,4.368486486038244e-19,0.0,-4.368486486038244e-19,0.41849796367366543,0.0,0.0,0.0,494,1
0.55,0,0.5,0.01,1,0.15441048841157345,1.6265762383013462,0.5,0.6911023262915059,0.27260436261433846,0.0,0.0,-2.2217259333270637e-21,0.0,2.2217259333270637e-21,0.41849796367716746,0.0,0.0,0.0,980,1
0.55,0,0.5,0.005,1,0.15441048841162444,1.626576238301016,0.4999999999999999,0.6911023262916698,0.27260436261442134,0.0,0.0,-5.903820206216998e-20,0.0,5.903820206216998e-20,0.41849796367724845,0.0,0.0,0.0,1958,1
0.55,0,0.6,0.02,1,0.13770323660797032,1.7410898934749819,0.5999999999999999,0.7610094945298713,0.2865056412127191,0.0,0.0,5.119118868375536e-19,0.0,-5.119118868375536e-19,0.4745038533171522,0.0,0.0,0.0,530,1
0.55,0,0.6,0.01,1,0.13770323660005443,1.741089893532467,0.6000000000000003,0.7610094945203044,0.2865056412141482,0.0,0.0,2.0675262860087224e-20,0.0,-2.0675262860087224e-20,0.47450385330615624,0.0,0.0,0.0,1052,1
0.55,0,0.6,0.005,1,0.13770323659994493,1.7410898935332624,0.6000000000000001,0.76100949452013,0.2865056412141264,0.0,0.0,-2.8407528896717394e-20,0.0,2.8407528896717394e-20,0.4745038533060036,0.0,0.0,0.0,2096,1
0.55,0,0.75,0.02,1,0.12013772456456802,1.8775520143344162,0.75,0.881472846793973,0.31150915638127274,0.0,0.0,7.839152414197717e-19,0.0,-7.839152414197717e-19,0.5699636904127002,0.0,0.0,0.0,572,1
0.55,0,0.75,0.01,1,0.12013772454353973,1.877552014509451,0.7499999999999998,0.8814728467802229,0.3115091563855357,0.0,0.0,-2.585006031984782e-20,0.0,2.585006031984782e-20,0.5699636903946871,0.0,0.0,0.0,1130,1
0.55,0,0.75,0.005,1,0.12013772454375474,1.8775520145076614,0.7500000000000004,0.881472846780772,0.3115091563859001,0.0,0.0,1.1603740915783857e-22,0.0,-1.1603740915783857e-22,0.5699636903948718,0.0,0.0,0.0,2258,1
0.55,0,1.0,0.02,1,0.10223135985998184,2.038952325065217,1.0,1.1156741505880956,0.3618234132490942,0.0,0.0,1.1372401578064242e-18,0.0,-1.1372401578064242e-18,0.7538507373390013,0.0,0.0,0.0,620,1
0.55,0,1.0,0.01,1,0.10223135979966592,2.0389523256552113,1.0000000000000009,1.1156741507037853,0.3618234133295821,0.0,0.0,-1.2796545423548346e-19,0.0,1.2796545423548346e-19,0.7538507373742032,0.0,0.0,0.0,1226,1
0.55,0,1.0,0.005,1,0.10223135979985375,2.038952325653374,0.9999999999999996,1.1156741507042611,0.3618234133301685,0.0,0.0,-3.770834781778799e-21,0.0,3.770834781778799e-21,0.7538507373740926,0.0,0.0,0.0,2450,1
0.55,1,0.2,0.02,1,0.24228030175623025,1.1760954761141622,0.20000000000000004,0.5665365380620163,0.28326826903100816,0.0,0.0,1.4240015178318144e-19,0.0,-1.4240015178318144e-19,0.28326826903100816,0.0,0.0,0.0,362,1
0.55,1,0.2,0.01,1,0.24228030175554857,1.1760954761169757,0.19999999999999998,0.5665365380590751,0.28326826902953756,0.0,0.0,3.4117455001401697e-19,0.0,-3.4117455001401697e-19,0.28326826902953756,0.0,0.0,0.0,710,1
0.55,1,0.2,0.005,1,0.24228030175556045,1.1760954761169267,0.19999999999999987,0.5665365380591261,0.28326826902956304,0.0,0.0,-2.799093294506252e-20,0.0,2.799093294506252e-20,0.28326826902956304,0.0,0.0,0.0,1418,1
0.55,1,0.25,0.02,1,0.21917731140124008,1.2763097603761453,0.25000000000000006,0.592568758398291,0.2962843791991455,0.0,0.0,6.494518903972728e-20,0.0,-6.494518903972728e-20,0.2962843791991455,0.0,0.0,0.0,392,1
0.55,1,0.25,0.01,1,0.21917731140021007,1.2763097603808446,0.24999999999999994,0.5925687583935432,0.2962843791967716,0.0,0.0,4.134644091708218e-19,0.0,-4.134644091708218e-19,0.2962843791967716,0.0,0.0,0.0,770,1
0.55,1,0.25,0.005,1,0.21917731140022864,1.27630976038076,0.24999999999999986,0.5925687583936284,0.2962843791968142,0.0,0.0,2.7392799063088686e-20,0.0,-2.7392799063088686e-20,0.2962843791968142,0.0,0.0,0.0,1538,1
0.55,1,0.3,0.02,1,0.20160680300355804,1.359871523026453,0.2999999999999999,0.6203689135760538,0.3101844567880269,0.0,0.0,9.879960575029166e-20,0.0,-9.879960575029166e-20,0.3101844567880269,0.0,0.0,0.0,416,1
0.55,1,0.3,0.01,1,0.20160680300180955,1.3598715230351257,0.3000000000000002,0.6203689135676775,0.31018445678383877,0.0,0.0,4.941216136837584e-19,0.0,-4.941216136837584e-19,0.31018445678383877,0.0,0.0,0.0,818,1
0.55,1,0.3,0.005,1,0.20160680300181058,1.3598715230351208,0.30000000000000004,0.6203689135676823,0.31018445678384116,0.0,0.0,-5.373841682067462e-20,0.0,5.373841682067462e-20,0.31018445678384116,0.0,0.0,0.0,1634,1
0.55,1,0.4,0.02,1,0.17591679235421834,1.4961796911794734,0.3999999999999999,0.6821021253707115,0.34105106268535573,0.0,0.0,2.389593636217864e-19,0.0,-2.389593636217864e-19,0.34105106268535573,0.0,0.0,0.0,458,1
0.55,1,0.4,0.01,1,0.17591679235131458,1.49617969119598,0.39999999999999997,0.6821021253564937,0.34105106267824686,0.0,0.0,7.340149661286002e-19,0.0,-7.340149661286002e-19,0.34105106267824686,0.0,0.0,0.0,902,1
0.55,1,0.4,0.005,1,0.1759167923513481,1.4961796911957892,0.4000000000000001,0.682102125356658,0.341051062678329,0.0,0.0,5.682563915310787e-20,0.0,-5.682563915310787e-20,0.341051062678329,0.0,0.0,0.0,1802,1
0.55,1,0.5,0.02,1,0.15758275530574067,1.6062400529235974,0.4999999999999999,0.7528644879325422,0.3764322439662711,0.0,0.0,2.359119874674901e-19,0.0,-2.359119874674901e-19,0.3764322439662711,0.0,0.0,0.0,488,1
0.55,1,0.5,0.01,1,0.15758275530880508,1.606240052904151,0.4999999999999999,0.7528644879471292,0.3764322439735646,0.0,0.0,1.0683840396019539e-18,0.0,-1.0683840396019539e-18,0.3764322439735646,0.0,0.0,0.0,968,1
0.55,1,0.5,0.005,1,0.15758275530886331,1.6062400529037815,0.5000000000000001,0.7528644879474067,0.37643224397370334,0.0,0.0,-3.1207232573411146e-20,0.0,3.1207232573411146e-20,0.37643224397370334,0.0,0.0,0.0,1934,1
0.55,1,0.6,0.02,1,0.14372722028311033,1.698273604187257,0.5999999999999998,0.8328563298066465,0.4164281649033232,0.0,0.0,7.093234311227994e-20,0.0,-7.093234311227994e-20,0.41642816490332324,0.0,0.0,0.0,518,1
0.55,1,0.6,0.01,1,0.1437272202696167,1.6982736042811406,0.6000000000000005,0.8328563297462273,0.4164281648731136,0.0,0.0,1.1187742051777983e-18,0.0,-1.1187742051777983e-18,0.4164281648731136,0.0,0.0,0.0,1022,1
0.55,1,0.6,0.005,1,0.14372722026977688,1.6982736042800262,0.6000000000000001,0.832856329746944,0.416428164873472,0.0,0.0,-8.783412063387084e-20,0.0,8.783412063387084e-20,0.416428164873472,0.0,0.0,0.0,2042,1
0.55,1,0.75,0.02,1,0.1284677347793929,1.810513022115998,0.75,0.9684440876271239,0.48422204381356193,0.0,0.0,-6.333501855919024e-19,0.0,6.333501855919024e-19,0.484222043813562,0.0,0.0,0.0,548,1
0.55,1,0.75,0.01,1,0.12846773478516446,1.8105130220710721,0.7499999999999997,0.9684440876498126,0.4842220438249063,0.0,0.0,1.9242773093049714e-18,0.0,-1.9242773093049714e-18,0.4842220438249063,0.0,0.0,0.0,1094,1
0.55,1,0.75,0.005,1,0.12846773478508133,1.8105130220717192,0.7500000000000002,0.9684440876494864,0.4842220438247432,0.0,0.0,3.7342652690937084e-20,0.0,-3.7342652690937084e-20,0.4842220438247432,0.0,0.0,0.0,2180,1
0.55,1,1.0,0.02,1,0.11220521726798076,1.9458613119895054,0.9999999999999997,1.224469684866394,0.6122348424331969,0.0,0.0,1.6535640759046715e-18,0.0,-1.6535640759046715e-18,0.6122348424331971,0.0,0.0,0.0,590,1
0.55,1,1.0,0.01,1,0.11220521728849682,1.9458613118066612,0.9999999999999999,1.2244696849279966,0.6122348424639983,0.0,0.0,4.15402359027934e-18,0.0,-4.15402359027934e-18,0.6122348424639983,0.0,0.0,0.0,1172,1
0.55,1,1.0,0.005,1,0.11220521728842663,1.945861311807287,0.9999999999999991,1.224469684927785,0.6122348424638925,0.0,0.0,-7.00216935049682e-19,0.0,7.00216935049682e-19,0.6122348424638925,0.0,0.0,0.0,2342,1
