beta0,control_gamma_pt_zero,log_scale,cutoff,gmax,exchange_trace_real
0.5,0,0.0,0.7853981633974483,0.026072419960503825,0.48
0.5,0,0.006673167278729874,0.7801745185850752,0.02641653664010615,0.48009367363802
0.5,0,0.013346334557459748,0.7749856159791364,0.02676511379335732,0.4801886374252383
0.5,0,0.020019501836189623,0.7698312245109142,0.02711820711465313,0.48028490952995084
0.5,0,0.026692669114919496,0.7647111146485179,0.02747587293899271,0.48038250838635677
0.5,0,0.03336583639364937,0.7596250583866619,0.027838168247941483,0.48048145269869214
0.5,0,0.040039003672379246,0.754572829236513,0.028205150675613425,0.48058176144543374
0.5,0,0.04671217095110912,0.7495542022156038,0.028576878514670848,0.4806834538835718
0.5,0,0.05338533822983899,0.7445689538378143,0.028953410722341373,0.4807865495529571
0.5,0,0.060058505508568866,0.73961686210342,0.02933480692645076,0.4808910682807209
0.5,0,0.06673167278729875,0.7346977064892057,0.029721127431470346,0.48099703018576934
0.5,0,0.07340484006602861,0.7298112679386453,0.03011243322457806,0.48110445568335436
0.5,0,0.08007800734475849,0.7249573288521466,0.03050878598173211,0.4812133654897236
0.5,0,0.08675117462348836,0.7201356730773623,0.03091024807375547,0.4813237806268471
0.5,0,0.09342434190221824,0.7153460858995632,0.031316882572430656,0.4814357224272265
0.5,0,0.1000975091809481,0.7105883540320777,0.031728753256603015,0.48154921253878646
0.5,0,0.10677067645967799,0.7058622656067932,0.03214592461829127,0.4816642729298482
0.5,0,0.11344384373840787,0.7011676101647216,0.03256846186880418,0.48178092589418925
0.5,0,0.12011701101713773,0.6965041786466274,0.03299643094486167,0.4818991940561913
0.5,0,0.1267901782958676,0.6918717633837178,0.03342989851471911,0.4820191003760736
0.5,0,0.1334633455745975,0.6872701580883945,0.03386893198429329,0.4821406681552186
0.5,0,0.14013651285332734,0.682699157845069,0.03431359950328842,0.4822639210415899
0.5,0,0.14680968013205722,0.6781585591010352,0.034763969971320835,0.48238888303524097
0.5,0,0.1534828474107871,0.673648159657407,0.03522011304404057,0.48251557849392185
0.5,0,0.16015601468951698,0.6691677586601127,0.035682099139248385,0.48264403213878243
0.5,0,0.16682918196824686,0.6647171565909513,0.036149999443006404,0.48277426906017296
0.5,0,0.17350234924697672,0.6602961552587079,0.03662388591574067,0.48290631472354706
0.5,0,0.1801755165257066,0.6559045577903272,0.03710383129833408,0.4830401949754677
0.5,0,0.18684868380443648,0.6515421686221475,0.03758990911820746,0.48317593604971554
0.5,0,0.19352185108316636,0.647208793491191,0.03808219369538753,0.4833135645735058
0.5,0,0.2001950183618962,0.6429042394265139,0.03858076014855935,0.48345310757381477
0.5,0,0.2068681856406261,0.6386283147406123,0.039085684401101585,0.48359459248381287
0.5,0,0.21354135291935597,0.6343808290208867,0.03959704318710268,0.4837380471494147
0.5,0,0.22021452019808585,0.6301615931211626,0.04011491405735588,0.48388349983594353
0.5,0,0.22688768747681573,0.6259704191532673,0.04063937538533089,0.48403097923490945
0.5,0,0.23356085475554558,0.6218071204786635,0.041170506373120405,0.48418051447091076
0.5,0,0.24023402203427546,0.6176715117001371,0.041708387057359415,0.4843321351086565
0.5,0,0.24690718931300534,0.6135634086535422,0.04225309831511449,0.4844858711601101
0.5,0,0.2535803565917352,0.6094826283995998,0.04280472186974169,0.4846417530917623
0.5,0,0.2602535238704651,0.6054289892157506,0.04336334029671071,0.48479981183203336
0.5,0,0.266926691149195,0.6014023105880636,0.04392903702939212,0.48496007877880265
0.5,0,0.27359985842792484,0.597402413203197,0.04450189636480657,0.4851225858070761
0.5,0,0.2802730257066547,0.5934291189404132,0.045082003469333366,0.4852873652767894
0.5,0,0.2869461929853846,0.5894822508636469,0.045669444384374834,0.4854544500407469
0.5,0,0.29361936026411445,0.5855616332136263,0.046264306031975906,0.4856238734527064
0.5,0,0.30029252754284436,0.5816670914000454,0.0468666762203954,0.4857956693756076
0.5,0,0.3069656948215742,0.57779845199379,0.04747664364962612,0.48596987218994436
0.5,0,0.31363886210030406,0.5739555427192146,0.04809429791686263,0.48614651680229126
0.5,0,0.32031202937903397,0.5701381924464705,0.048719729521912884,0.4863256386539826
0.5,0,0.3269851966577638,0.5663462311838852,0.049353029872551586,0.4865072737299441
0.5,0,0.33365836393649373,0.5625794900703925,0.04999429128981289,0.4866914585676875
0.5,0,0.3403315312152236,0.5588378013680133,0.05064360701321965,0.4868782302664666
0.5,0,0.34700469849395343,0.5551209984543849,0.051301071205946285,0.4870676264965962
0.5,0,0.35367786577268334,0.5514289158153424,0.05196677895991288,0.4872596855089423
0.5,0,0.3603510330514132,0.5477613890375471,0.052640826300808186,0.4874544461445848
0.5,0,0.36702420033014305,0.5441182548011659,0.053323310193037494,0.48765194784465127
0.5,0,0.37369736760887295,0.5404993508725973,0.054014328544594474,0.48785223066033423
0.5,0,0.3803705348876028,0.536904516097248,0.054713980211852684,0.48805533526308953
0.5,0,0.3870437021663327,0.5333335903923558,0.05542236500427455,0.4882613029550174
0.5,0,0.39371686944506257,0.5297864147398613,0.05613958368903519,0.4884701756794372
0.5,0,0.4003900367237924,0.5262628311793264,0.05686573799555848,0.4886819960316552
0.5,0,0.4070632040025223,0.5227626828009,0.05760093061996129,0.488896807269925
0.5,0,0.4137363712812522,0.5192858137383309,0.058345265229404815,0.4891146533266147
0.5,0,0.4204095385599821,0.5158320691620268,0.05909884646634945,0.48933557881957734
0.5,0,0.42708270583871194,0.5124012952721592,0.05986177995270946,0.4895596290637273
0.5,0,0.4337558731174418,0.5089933392918151,0.0606341722939065,0.48978685008283507
0.5,0,0.4404290403961717,0.5056080494601929,0.06141613108281824,0.4900172886215379
0.5,0,0.44710220767490155,0.5022452750258449,0.06220776490361811,0.4902509921575696
0.5,0,0.45377537495363146,0.49890486623996394,0.06300918333550627,0.49048800891422123
0.5,0,0.4604485422323613,0.4955866743497147,0.06382049695632663,0.49072838787303175
0.5,0,0.46712170951109117,0.49229055159160984,0.06464181734606778,0.49097217878671096
0.5,0,0.4737948767898211,0.48901635118492964,0.06547325709024597,0.49121943219230774
0.5,0,0.4804680440685509,0.4857639273251859,0.06631492978316687,0.4914701994246227
0.5,0,0.48714121134728083,0.4825331351776289,0.06716695003106322,0.491724532629867
0.5,0,0.4938143786260107,0.47932383087079783,0.06802943345510647,0.4919824847795822
0.5,0,0.5004875459047405,0.47613587149011366,0.06890249669429023,0.4922441096848197
0.5,0,0.5071607131834704,0.47296911507151546,0.06978625740818083,0.49250946201058143
0.5,0,0.5138338804622004,0.46982342059513843,0.07068083427953627,0.49277859729053886
0.5,0,0.5205070477409302,0.46669864797903393,0.07158634701678837,0.4930515719420262
0.5,0,0.5271802150196601,0.4635946580729313,0.07250291635638624,0.49332844328131364
0.5,0,0.53385338229839,0.4605113126520418,0.07343066406500069,0.4936092695391737
0.5,0,0.5405265495771198,0.4574484744109029,0.0743697129415858,0.4938941098767422
0.5,0,0.5471997168558497,0.45440600695726413,0.07532018681929545,0.4941830244016737
0.5,0,0.5538728841345796,0.4513837748060128,0.07628221056725534,0.49447607418461237
0.5,0,0.5605460514133094,0.4483816433731417,0.07725591009218628,0.4947733212759725
0.5,0,0.5672192186920393,0.44539947896975457,0.07824141233987722,0.4950748287230355
0.5,0,0.5738923859707692,0.4424371487961142,0.07923884529650911,0.4953806605873805
0.5,0,0.580565553249499,0.43949452093572744,0.08024833798982567,0.49569088196264577
0.5,0,0.5872387205282289,0.4365714643494714,0.0812700204901498,0.49600555899262566
0.5,0,0.5939118878069588,0.4336678488697581,0.08230402391124698,0.49632475888972455
0.5,0,0.6005850550856887,0.4307835451947377,0.08335048041103316,0.49664854995376095
0.5,0,0.6072582223644185,0.4279184248825409,0.08440952319212508,0.4969770015911315
0.5,0,0.6139313896431484,0.4250723603455585,0.08548128650223609,0.49731018433435253
0.5,0,0.6206045569218783,0.42224522484476085,0.08656590563441449,0.4976481698619769
0.5,0,0.6272777242006081,0.41943689248405286,0.08766351692712371,0.49799103101889314
0.5,0,0.633950891479338,0.4166472382046687,0.08877425776416802,0.49833884183702737
0.5,0,0.6406240587580679,0.4138761377796018,0.08989826657446097,0.49869167755644583
0.5,0,0.6472972260367977,0.41112346780807385,0.0910356828316368,0.49904961464686415
0.5,0,0.6539703933155276,0.4083891057100386,0.09218664705350971,0.49941273082958715
0.5,0,0.6606435605942576,0.40567292972072405,0.09335130080137806,0.49978110509987517
0.5,0,0.6673167278729875,0.4029748188852095,0.09452978667917587,0.5001548177497449
0.5,0,0.6739898951517173,0.4002946530530398,0.09572224833247553,0.50053395039123
0.5,0,0.6806630624304472,0.39763231287287437,0.09692883044734261,0.5009185859800965
0.5,0,0.6873362297091771,0.39498767978717253,0.09814967874904208,0.5013088088400225
0.5,0,0.6940093969879069,0.39236063602691434,0.0993849400006054,0.5017047046872689
0.5,0,0.7006825642666368,0.38975106460635556,0.10063476200125626,0.5021063606558358
0.5,0,0.7073557315453667,0.38715884931781835,0.1018992935846988,0.5025138653231158
0.5,0,0.7140288988240965,0.38458387472651684,0.10317868461727642,0.5029273087360716
0.5,0,0.7207020661028264,0.38202602616541587,0.10447308599600166,0.5033467824379325
0.5,0,0.7273752333815563,0.37948518973012535,0.10578264964646156,0.5037723794954234
0.5,0,0.7340484006602861,0.3769612522738278,0.10710752852060859,0.5042041945265539
0.5,0,0.740721567939016,0.3744541014022394,0.10844787659443847,0.5046423237289632
0.5,0,0.7473947352177459,0.37196362546860545,0.10980384886556045,0.5050868649088347
0.5,0,0.7540679024964758,0.36948971356872834,0.1111756013506728,0.5055379175104109
0.5,0,0.7607410697752056,0.3670322555360289,0.11256329108294491,0.5059955826461022
0.5,0,0.7674142370539355,0.3645911419366403,0.11396707610931504,0.5064599631272082
0.5,0,0.7740874043326654,0.3621662640645351,0.11538711548771598,0.5069311634952807
0.5,0,0.7807605716113952,0.35975751393668454,0.11682356928423414,0.5074092900541244
0.5,0,0.7874337388901251,0.35736478428824936,0.11827659857021022,0.5078944509024541
0.5,0,0.794106906168855,0.3549879685678038,0.11974636541929937,0.508386755967241
0.5,0,0.8007800734475848,0.35262696093259027,0.12123303290449386,0.5088863170377419
0.5,0,0.8074532407263147,0.35028165624380625,0.12273676509512244,0.5093932478002351
0.5,0,0.8141264080050447,0.3479519500619222,0.12425772705384448,0.5099076638734951
0.5,0,0.8207995752837746,0.34563773864203085,0.12579608483364343,0.5104296828450018
0.5,0,0.8274727425625044,0.3433389189292273,0.12735200547483871,0.5109594243079087
0.5,0,0.8341459098412343,0.3410553885540195,0.1289256570021337,0.5114970098988061
0.5,0,0.8408190771199642,0.33878704582777036,0.13051720842170897,0.5120425633362733
0.5,0,0.847492244398694,0.3365337897381685,0.13212682971838058,0.5125962104602486
0.5,0,0.8541654116774239,0.33429551994473067,0.13375469185284566,0.5131580792722545
0.5,0,0.8608385789561538,0.33207213677433334,0.13540096675902585,0.5137282999764732
0.5,0,0.8675117462348836,0.329863541216774,0.13706582734153092,0.5143070050217017
0.5,0,0.8741849135136135,0.32766963492036216,0.13874944747327028,0.5148943291442306
0.5,0,0.8808580807923434,0.3254903201875395,0.14045200199322266,0.5154904094116382
0.5,0,0.8875312480710732,0.32332549997052956,0.14217366670439094,0.5160953852675341
0.5,0,0.8942044153498031,0.32117507786701577,0.14391461837197414,0.5167093985772994
0.5,0,0.900877582628533,0.3190389581158488,0.14567503472176815,0.5173325936748148
0.5,0,0.9075507499072629,0.31691704559278194,0.1474550944388274,0.5179651174102151
0.5,0,0.9142239171859927,0.3148092458062352,0.14925497716642183,0.5186071191987205
0.5,0,0.9208970844647226,0.31271546489308755,0.15107486350530494,0.5192587510705339
0.5,0,0.9275702517434525,0.3106356096144969,0.15291493501332887,0.5199201677218516
0.5,0,0.9342434190221823,0.3085695873517481,0.15477537420544532,0.5205915265670364
0.5,0,0.9409165863009122,0.3065173061021288,0.1566563645541111,0.5212729877919466
0.5,0,0.9475897535796421,0.30447867447483185,0.15855809049013853,0.52196471440847
0.5,0,0.9542629208583719,0.30245360168688623,0.1604807374040351,0.5226668723103169
0.5,0,0.9609360881371019,0.3004419975591137,0.1624244916478545,0.5233796303300675
0.5,0,0.9676092554158318,0.29844377251211357,0.164389540537603,0.5241031602975258
0.5,0,0.9742824226945617,0.2964588375622733,0.16637607235625332,0.5248376370994403
0.5,0,0.9809555899732915,0.29448710431780606,0.16838427635738804,0.5255832387405843
0.5,0,0.9876287572520214,0.29252848497481426,0.17041434276952733,0.5263401464062596
0.5,0,0.9943019245307513,0.29058289231337997,0.17246646280119318,0.5271085445262814
0.5,0,1.000975091809481,0.28865023969368064,0.17454082864674017,0.5278886208404441
0.5,0,1.007648259088211,0.2867304410521308,0.1766376334930121,0.5286805664655351
0.5,0,1.014321426366941,0.28482341089754987,0.17875707152688355,0.5294845759639608
0.5,0,1.0209945936456708,0.2829290643073548,0.18089933794371957,0.5303008474139855
0.5,0,1.0276677609244007,0.2810473169237787,0.18306462895682005,0.5311295824816563
0.5,0,1.0343409282031304,0.27917808495011376,0.18525314180791638,0.5319709864944873
0.5,0,1.0410140954818603,0.2773212851469801,0.1874650747787546,0.5328252685169006
0.5,0,1.0476872627605902,0.27547683482861895,0.18970062720384234,0.5336926414275105
0.5,0,1.0543604300393201,0.27364465185921055,0.191959999484432,0.534573321998326
0.5,0,1.06103359731805,0.2718246546492163,0.1942433931037818,0.5354675309758737
0.5,0,1.06770676459678,0.2700167621517456,0.19655101064377703,0.5363754931643359
0.5,0,1.0743799318755096,0.26822089385894704,0.19888305580299467,0.537297437510786
0.5,0,1.0810530991542395,0.2664369697984227,0.20123973341625742,0.5382335971925262
0.5,0,1.0877262664329694,0.26466491052966723,0.20362124947576596,0.5391842097066306
0.5,0,1.0943994337116993,0.2629046371405304,0.2060278111539069,0.540149516961788
0.5,0,1.1010726009904293,0.2611560712437026,0.2084596268277801,0.5411297653724451
0.5,0,1.1077457682691592,0.2594191349732245,0.21091690610555236,0.5421252059553732
0.5,0,1.114418935547889,0.2576937509810195,0.21339985985473825,0.5431360944287544
0.5,0,1.1210921028266188,0.2559798424334492,0.2159087002324599,0.5441626913137965
0.5,0,1.1277652701053487,0.25427733300789185,0.21844364071780373,0.5452052620390075
0.5,0,1.1344384373840786,0.252586146889344,0.2210048961463846,0.546264077047242
0.5,0,1.1411116046628085,0.25090620876704395,0.22359268274717478,0.5473394119055248
0.5,0,1.1477847719415384,0.24923744383111818,0.22620721818173042,0.5484315474178072
0.5,0,1.1544579392202683,0.24757977776925,0.22884872158593347,0.5495407697407684
0.5,0,1.161131106498998,0.24593313676337036,0.23151741361431505,0.5506673705026807
0.5,0,1.1678042737777279,0.24429744748637047,0.23421351648710612,0.5518116469255057
0.5,0,1.1744774410564578,0.24267263709883666,0.23693725404014535,0.5529739019503487
0.5,0,1.1811506083351877,0.24105863324580656,0.2396888517777161,0.5541544443662947
0.5,0,1.1878237756139176,0.2394553640535472,0.24246853692847542,0.555353588942811
0.5,0,1.1944969428926475,0.2378627581263543,0.2452765385046158,0.55657165656586
0.5,0,1.2011701101713774,0.23628074454337278,0.2481130873643408,0.557808974377749
0.5,0,1.2078432774501071,0.23470925285543898,0.25097841627783074,0.5590658759209272
0.5,0,1.214516444728837,0.23314821308194275,0.2538727599968605,0.5603427012858854
0.5,0,1.221189612007567,0.23159755570771198,0.2567963553281479,0.5616397972631944
0.5,0,1.2278627792862968,0.23005721167991644,0.25974944121063837,0.562957517499918
0.5,0,1.2345359465650267,0.22852711240499277,0.26273225879689543,0.5642962226605717
0.5,0,1.2412091138437567,0.2270071897455902,0.26574505153868766,0.5656562805926726
0.5,0,1.2478822811224866,0.22549737601753608,0.2687880652769987,0.5670380664971446
0.5,0,1.2545554484012162,0.223997603986822,0.2718615483366451,0.5684419631037713
0.5,0,1.2612286156799462,0.22250780686660943,0.2749657516256037,0.5698683608517481
0.5,0,1.267901782958676,0.22102791831425606,0.2781009287392965,0.571317658075635
0.5,0,1.274574950237406,0.21955787242836106,0.2812673360700396,0.5727902611969211
0.5,0,1.2812481175161359,0.21809760374583081,0.2844652329217642,0.5742865849212667
0.5,0,1.2879212847948658,0.21664704723896336,0.2876948816302873,0.5758070524417591
0.5,0,1.2945944520735955,0.21520613831255295,0.2909565476893582,0.5773520956484204
0.5,0,1.3012676193523254,0.21377481280101324,0.294250499882599,0.5789221553440459
0.5,0,1.3079407866310553,0.21235300696552015,0.2975770104216469,0.5805176814667541
0.5,0,1.3146139539097852,0.21094065749117344,0.3009363550907508,0.5821391333195103
0.5,0,1.321287121188515,0.2095377014841771,0.30432881339794515,0.5837869798067247
0.5,0,1.327960288467245,0.20814407646903876,0.30775466873315294,0.5854616996783506
0.5,0,1.334633455745975,0.20675972038578744,0.31121420853348764,0.5871637817817801
0.5,0,1.3413066230247046,0.20538457158721002,0.3147077244558933,0.588893725321654
0.5,0,1.3479797903034345,0.204018568836106,0.3182355125575169,0.5906520401280726
0.5,0,1.3546529575821644,0.2026616513025604,0.32179787348410754,0.592439246933538
0.5,0,1.3613261248608943,0.20131375856123515,0.3253951126665982,0.5942558776587686
0.5,0,1.3679992921396242,0.19997483058867815,0.3290275405263096,0.5961024757079385
0.5,0,1.3746724594183541,0.19864480776065038,0.33269547268910404,0.5979795962737121
0.5,0,1.3813456266970838,0.19732363084947055,0.33639923020866075,0.5998878066522465
0.5,0,1.3880187939758137,0.1960112410213779,0.3401391397993648,0.6018276865687824
0.5,0,1.3946919612545436,0.19470757983391218,0.3439155340791749,0.6037998285142494
0.5,0,1.4013651285332736,0.19341258923331098,0.34772875182265983,0.6058048380930853
0.5,0,1.4080382958120035,0.19212621155192472,0.351579138224758,0.6078433343829792
0.5,0,1.4147114630907334,0.19084838950564853,0.35546704517566774,0.6099159503070194
0.5,0,1.4213846303694633,0.18957906619137124,0.35939283154707596,0.612023333018485
0.5,0,1.428057797648193,0.18831818508444165,0.36335686349035745,0.6141661442990887
0.5,0,1.4347309649269229,0.187065690036151,0.36735951474719475,0.6163450609712187
0.5,0,1.4414041322056528,0.1858215252712331,0.3714011669728555,0.618560775324464
0.5,0,1.4480772994843827,0.18458563538538023,0.37548221007283944,0.620813995557345
0.5,0,1.4547504667631126,0.183357965342776,0.37960304255340377,0.6231054462348733
0.5,0,1.4614236340418425,0.18213846047364457,0.38376407188623196,0.6254358687622812
0.5,0,1.4680968013205722,0.1809270664718161,0.3879657148880559,0.6278060218759736
0.5,0,1.474769968599302,0.17972372939230843,0.3922083981158033,0.6302166821524164
0.5,0,1.481443135878032,0.17852839564892486,0.3964925582775729,0.632668644535368
0.5,0,1.488116303156762,0.1773410120118678,0.4008186426603607,0.6351627228826583
0.5,0,1.4947894704354918,0.17616152560536852,0.40518710957518195,0.6376997505333383
0.5,0,1.5014626377142217,0.17498988390533243,0.4095984288199387,0.64028058089568
0.5,0,1.5081358049929516,0.17382603473700012,0.414053082161086,0.642906088057416
0.5,0,1.5148089722716813,0.17266992627262395,0.4185515638348301,0.6455771674191588
0.5,0,1.5214821395504112,0.17152150702916005,0.4230943810682622,0.6482947363515821
0.5,0,1.5281553068291411,0.17038072586597583,0.42768205462163467,0.6510597348779523
0.5,0,1.534828474107871,0.16924753198257256,0.43231511935261957,0.6538731263831087
0.5,0,1.541501641386601,0.16812187491632305,0.4369941248030157,0.6567358983495741
0.5,0,1.5481748086653309,0.1670037045402247,0.44171963580929346,0.6596490631226433
0.5,0,1.5548479759440608,0.16589297106066705,0.44649223313794395,0.662613658705707
0.5,0,1.5615211432227905,0.1647896250152146,0.4513125141461717,0.6656307495866443
0.5,0,1.5681943105015204,0.16369361727040402,0.4561810934695429,0.6687014275974041
0.5,0,1.5748674777802503,0.16260489901955621,0.46109860373769485,0.6718268128082534
0.5,0,1.5815406450589802,0.16152342178060305,0.4660656963187526,0.6750080544576784
0.5,0,1.58821381233771,0.16044913739392822,0.4710830420943048,0.6782463319204077
0.5,0,1.59488697961644,0.15938199802022252,0.47615133226624035,0.6815428557152765
0.5,0,1.6015601468951697,0.15832195613835395,0.4812712791961887,0.6848988685541211
0.5,0,1.6082333141738996,0.15726896454325093,0.4864436172797372,0.688315646434571
0.5,0,1.6149064814526295,0.15622297634380067,0.49166910385692436,0.6917944997787577
0.5,0,1.6215796487313594,0.15518394496076085,0.4969485201599082,0.6953367746193699
0.5,0,1.6282528160100893,0.15415182412468542,0.502282672300333,0.6989438538363979
0.5,0,1.6349259832888192,0.1531265678738642,0.5076723922981607,0.7026171584469483
0.5,0,1.6415991505675491,0.15210813055227598,0.5131185391530334,0.7063581489498485
0.5,0,1.6482723178462788,0.15109646680755565,0.5186219999611266,0.7101683267289567
0.5,0,1.6549454851250087,0.15009153158897431,0.5241836910795713,0.7140492355179886
0.5,0,1.6616186524037386,0.14909328014543338,0.5298045593397244,0.7180024629289401
0.5,0,1.6682918196824685,0.1481016680234717,0.5354855833127696,0.7220296420487067
0.5,0,1.6749649869611984,0.1471166510652857,0.5412277746301007,0.7261324531072304
0.5,0,1.6816381542399284,0.1461381854067634,0.5470321793600412,0.7303126252197019
0.5,0,1.688311321518658,0.14516622747553087,0.5528998794449982,0.7345719382082299
0.5,0,1.694984488797388,0.14420073398901173,0.5588319942019697,0.7389122245069575
0.5,0,1.7016576560761179,0.1432416619525001,0.5648296818882911,0.7433353711536899
0.5,0,1.7083308233548478,0.1422889686572457,0.5708941413374691,0.7478433218744396
0.5,0,1.7150039906335777,0.14134261167855205,0.5770266136685915,0.7524380792656503
0.5,0,1.7216771579123076,0.1404025488738873,0.5832283840716105,0.7571217070778397
0.5,0,1.7283503251910375,0.13946873838100757,0.5895007836742631,0.7618963326082634
0.5,0,1.7350234924697672,0.13854113861609257,0.5958451914948052,0.7667641492083287
0.5,0,1.741696659748497,0.13761970827189401,0.6022630364833897,0.7717274189103343
0.5,0,1.748369827027227,0.1367044063158962,0.6087557996589467,0.7767884751825996
0.5,0,1.755042994305957,0.1357951919884886,0.6153250163466126,0.7819497258199042
0.5,0,1.7617161615846868,0.1348920248011509,0.6219722785191837,0.7872136559748573
0.5,0,1.7683893288634167,0.13399486453464993,0.6286992372508149,0.7925828313410572
0.5,0,1.7750624961421464,0.1331036712372487,0.6355076052890672,0.7980599014964296
0.5,0,1.7817356634208763,0.13221840522292722,0.6423991597496077,0.8036476034136848
0.5,0,1.7884088306996062,0.13133902706961537,0.6493757449434538,0.8093487651509599
0.5,0,1.7950819979783361,0.13046549761743717,0.6564392753441735,0.8151663097328667
0.5,0,1.801755165257066,0.1295977779669672,0.6635917387004024,0.821103259230554
0.5,0,1.808428332535796,0.12873582947749812,0.6708351993056352,0.8271627390565816
0.5,0,1.8151014998145258,0.12787961376532006,0.6781718014343212,0.8333479824871157
0.5,0,1.8217746670932555,0.1270290927020114,0.6856037729510023,0.8396623354221819
0.5,0,1.8284478343719854,0.12618422841274068,0.6931334291069763,0.8461092614031684
0.5,0,1.8351210016507153,0.12534498327458016,0.7007631765355875,0.8526923469029752
0.5,0,1.8417941689294453,0.12451131991483035,0.7084955174546055,0.8594153069022599
0.5,0,1.8484673362081752,0.12368320120935573,0.716333054093371,0.8662819907752283
0.5,0,1.855140503486905,0.12286059028093166,0.7242784933583832,0.8732963885040244
0.5,0,1.8618136707656348,0.12204345049760204,0.7323346517480488,0.8804626372386505
0.5,0,1.8684868380443647,0.12123174547104813,0.7405044605382505,0.8877850282312442
0.5,0,1.8751600053230946,0.12042543905496819,0.7487909712556973,0.8952680141684117
0.5,0,1.8818331726018245,0.11962449534346767,0.7571973614526967,0.9029162169230733
0.5,0,1.8885063398805544,0.11882887866946046,0.7657269408100388,0.9107344357614512
0.5,0,1.8951795071592843,0.11803855360308044,0.7743831575891426,0.9187276560348792
0.5,0,1.9018526744380142,0.1172534849501038,0.7831696054509286,0.9269010583837677
0.5,0,1.9085258417167439,0.11647363775038187,0.7920900306744936,0.9352600284980539
0.5,0,1.9151990089954738,0.11569897727628407,0.8011483398021396,0.9438101674715556
0.5,0,1.9218721762742037,0.11492946903115174,0.8103486077332198,0.952557302785249
0.5,0,1.9285453435529336,0.11416507874776173,0.8196950863080795,0.9615074999750255
0.5,0,1.9352185108316635,0.11340577238680054,0.8291922134156196,0.970667075031404
0.5,0,1.9418916781103934,0.1126515161353485,0.8388446226535787,0.9800426075763959
0.5,0,1.9485648453891233,0.11190227640537401,0.8486571535933686,0.9896409548876179
0.5,0,1.955238012667853,0.1111580198322378,0.8586348626921132,0.9994692668303709
0.5,0,1.961911179946583,0.1104187132732072,0.86878303488983,1.0095350017563984
0.5,0,1.9685843472253128,0.10968432380598021,0.8791071959572894,1.0198459434584701
0.5,0,1.9752575145040427,0.10895481872721952,0.8896131256492499,1.0304102192590465
0.5,0,1.9819306817827727,0.10823016555109607,0.9003068717128405,1.0412363193098721
0.5,0,1.9886038490615026,0.10751033200784246,0.9111947648346254,1.0523331172168073
0.5,0,1.9952770163402322,0.10679528604231599,0.9222834345970374,1.0637098920916166
0.5,0,2.001950183618962,0.10608499581257103,0.9335798265099797,1.0753763521320905
0.5,0,2.0086233508976923,0.10537942968844126,0.9450912202249201,1.0873426598783775
0.5,0,2.015296518176422,0.10467855625013112,0.9568252490236678,1.0996194592789517
0.5,0,2.0219696854551517,0.10398234428681642,0.9687899206694607,1.1122179047010723
0.5,0,2.028642852733882,0.10329076279525472,0.9809936397595163,1.1251496920788797
0.5,0,2.0353160200126115,0.10260378097840467,0.993445231700365,1.1384270923758144
0.5,0,2.0419891872913416,0.1019213682440544,1.0061539684236818,1.1520629875424249
0.5,0,2.0486623545700713,0.10124349420345954,1.019129596024736,1.166070909224386
0.5,0,2.0553355218488014,0.10057012866998961,1.0323823644847623,1.1804650804571821
0.5,0,2.062008689127531,0.09990124165778402,1.0459230596367362,1.1952604605929047
0.5,0,2.068681856406261,0.09923680338041665,1.05976303761549,1.2104727937991457
0.5,0,2.075355023684991,0.0985767842495694,1.0739142620088111,1.22611866144987
0.5,0,2.0820281909637206,0.09792115487371474,1.0883893439278634,1.2422155387446854
0.5,0,2.0887013582424507,0.0972698860568066,1.1032015853190955,1.2587818560153696
0.5,0,2.0953745255211804,0.09662294879698057,1.1183650258121178,1.2758370651577615
0.5,0,2.1020476927999105,0.09598031428526203,1.133894493405554,1.2934017116554049
0.5,0,2.1087208600786402,0.09534195390428364,1.1498056594268935,1.3114975128222361
0.5,0,2.11539402735737,0.0947078392270106,1.1661150981716824,1.3301474428722395
0.5,0,2.1220671946361,0.09407794201547498,1.1828403516445358,1.3493758254707533
0.5,0,2.1287403619148297,0.09345223421951827,1.199999999999999,1.369208434637082
0.5,1,0.0,0.7853981633974483,0.015208603142766525,0.48
0.5,1,0.006352673677793539,0.7804245995984369,0.015410180261805403,0.4800933730376755
0.5,1,0.012705347355587078,0.7754825310817113,0.01561451171867343,0.480188002432456
0.5,1,0.019058021033380616,0.770571758402196,0.01582163703892576,0.48028390584778013
0.5,1,0.025410694711174155,0.7656920833778094,0.016031596354633214,0.4803811012137432
0.5,1,0.03176336838896769,0.7608433090814652,0.01624443041435237,0.48047960673154166
0.5,1,0.03811604206676123,0.7560252398331258,0.016460180593264775,0.4805794408780005
0.5,1,0.04446871574455477,0.7512376811919044,0.016678888903487794,0.48068062241018533
0.5,1,0.05082138942234831,0.7464804399482188,0.01690059800455963,0.4807831703700994
0.5,1,0.05717406310014185,0.7417533241159938,0.017125351214101414,0.4808871040894693
0.5,1,0.06352673677793538,0.7370561429249134,0.017353192518658835,0.4809924431946213
0.5,1,0.06987941045572893,0.7323887068127217,0.0175841665847262,0.4810992076114485
0.5,1,0.07623208413352246,0.7277508274175732,0.0178183187699553,0.4812074175704704
0.5,1,0.08258475781131601,0.723142317570431,0.01805569513455228,0.48131709361199015
0.5,1,0.08893743148910954,0.7185629912875131,0.018296342452864833,0.48142825659134786
0.5,1,0.09529010516690309,0.7140126637627868,0.01854030822516269,0.4815409276842737
0.5,1,0.10164277884469662,0.709491151360511,0.018787640689614117,0.4816551283923416
0.5,1,0.10799545252249015,0.7049982716078245,0.01903838883446115,0.4817708805485279
0.5,1,0.1143481262002837,0.7005338431873829,0.01929260241039649,0.48188820632287577
0.5,1,0.12070079987807723,0.6960976859300405,0.019550331943144587,0.4820071282282656
0.5,1,0.12705347355587077,0.6916896208075795,0.019811628746250007,0.4821276691262971
0.5,1,0.1334061472336643,0.6873094699254854,0.020076544934075555,0.4822498522332844
0.5,1,0.13975882091145786,0.6829570565157672,0.020345133435013287,0.4823737011263648
0.5,1,0.1461114945892514,0.6786322049298242,0.020617448004910843,0.4824992397497243
0.5,1,0.15246416826704492,0.6743347406313571,0.020893543240716076,0.4826264924209436
0.5,1,0.15881684194483847,0.6700644901893242,0.021173474594342864,0.4827554838374669
0.5,1,0.16516951562263202,0.6658212812709425,0.021457298386760495,0.48288623908319417
0.5,1,0.17152218930042554,0.6616049426347332,0.021745071822309656,0.4830187836351998
0.5,1,0.17787486297821908,0.6574153041236105,0.022036853003247724,0.4831531433705832
0.5,1,0.18422753665601263,0.6532521966580146,0.022332700944525996,0.48328934457345185
0.5,1,0.19058021033380618,0.6491154522290888,0.022632675588801474,0.4834274139420378
0.5,1,0.1969328840115997,0.6450049038918989,0.022936837821685867,0.4835673785959534
0.5,1,0.20328555768939324,0.6409203857586955,0.023245249487234665,0.48370926608358883
0.5,1,0.2096382313671868,0.63686173299222,0.023557973403678524,0.48385310438965423
0.5,1,0.2159909050449803,0.632828781799052,0.023875073379399616,0.4839989219428655
0.5,1,0.22234357872277385,0.628821369422999,0.02419661422915541,0.48414674762378335
0.5,1,0.2286962524005674,0.6248393341385285,0.024522661790552625,0.4842966107728058
0.5,1,0.23504892607836095,0.620882515244241,0.02485328294077302,0.48444854119831565
0.5,1,0.24140159975615447,0.6169507530563848,0.025188545613554117,0.48460256918498745
0.5,1,0.247754273433948,0.6130438889024115,0.025528518816426597,0.48475872550225857
0.5,1,0.25410694711174153,0.6091617651145727,0.02587327264821077,0.4849170414129681
0.5,1,0.2604596207895351,0.6053042250235571,0.026222878316774074,0.485077548682163
0.5,1,0.2668122944673286,0.6014711129521677,0.02657740815705168,0.4852402795860789
0.5,1,0.27316496814512214,0.5976622742090395,0.02693693564933213,0.4854052669212986
0.5,1,0.2795176418229157,0.5938775550823961,0.0273015354378099,0.4855725440140934
0.5,1,0.28587031550070924,0.5901168028338473,0.027671283349406262,0.485742144729944
0.5,1,0.2922229891785028,0.5863798656922239,0.02804625641286041,0.4859141034832544
0.5,1,0.29857566285629633,0.5826665928474538,0.02842653287809218,0.4860884552472579
0.5,1,0.30492833653408985,0.5789768344444757,0.028812192235837676,0.4862652355641192
0.5,1,0.3112810102118834,0.5753104415771906,0.02920331523755886,0.4864444805552349
0.5,1,0.31763368388967694,0.5716672662824535,0.02959998391562844,0.48662622693174235
0.5,1,0.32398635756747046,0.5680471615341013,0.030002281603790835,0.48681051200523767
0.5,1,0.33033903124526404,0.56444998123702,0.03041029295789977,0.48699737369870516
0.5,1,0.33669170492305756,0.5608755802212483,0.03082410397693302,0.4871868505576649
0.5,1,0.3430443786008511,0.5573238142361192,0.031243802024285127,0.4873789817615451
0.5,1,0.34939705227864465,0.5537945399444388,0.031669475849337686,0.4875738071352823
0.5,1,0.35574972595643817,0.5502876149167011,0.032101215609307274,0.4877713671611495
0.5,1,0.3621023996342317,0.5468028976253404,0.032539112891370875,0.4879717029908246
0.5,1,0.36845507331202526,0.54334024743902,0.03298326073506816,0.4881748564577008
0.5,1,0.3748077469898188,0.5398995246169562,0.033433753654980025,0.4883808700894444
0.5,1,0.38116042066761235,0.5364805903032793,0.03389068766368175,0.48858978712080037
0.5,1,0.3875130943454059,0.5330833065214298,0.03435416029497029,0.4888016515066601
0.5,1,0.3938657680231994,0.5297075361685896,0.0348242706273637,0.48901650793539214
0.5,1,0.40021844170099297,0.5263531430101498,0.035301119307870485,0.4892344018424378
0.5,1,0.4065711153787865,0.5230199916742122,0.03578480857602702,0.4894553794241812
0.5,1,0.41292378905658,0.5197079476461265,0.036275442288200364,0.4896794876521009
0.5,1,0.4192764627343736,0.5164168772630612,0.036773125942153866,0.489906774287208
0.5,1,0.4256291364121671,0.51314664770861,0.03727796670187121,0.49013728789477023
0.5,1,0.4319818100899606,0.5098971270074315,0.03779007342263651,0.4903710778593373
0.5,1,0.4383344837677542,0.5066681840199233,0.03830955667636558,0.4906081944000696
0.5,1,0.4446871574455477,0.5034596884369293,0.0388365287771843,0.49084868858637803
0.5,1,0.4510398311233413,0.5002715107744813,0.03937110380724826,0.49109261235387436
0.5,1,0.4573925048011348,0.4971035223685732,0.03991339764279954,0.4913400185206494
0.5,1,0.4637451784789283,0.4939555953699685,0.04046352798045386,0.4915909608038814
0.5,1,0.4700978521567219,0.4908276027390411,0.04102161436371185,0.4918454938367775
0.5,1,0.4764505258345154,0.4877194182406479,0.041587778209687294,0.4921036731858573
0.5,1,0.48280319951230893,0.484630916439035,0.04216214283604564,0.49236555536859
0.5,1,0.4891558731901025,0.48156197269277473,0.04274483348814409,0.4926311978713905
0.5,1,0.495508546867896,0.4785124631497365,0.04333597736636452,0.4929006591679739
0.5,1,0.5018612205456896,0.4754822647420876,0.04393570365363032,0.4931739987380858
0.5,1,0.5082138942234831,0.4724712551813275,0.044544143543097374,0.4934512770866134
0.5,1,0.5145665679012766,0.4694793129533519,0.0451614302660087,0.4937325557630859
0.5,1,0.5209192415790702,0.46650631731354936,0.04578769911970042,0.49401789738156243
0.5,1,0.5272719152568637,0.4635521482819284,0.04642308749574874,0.494307365640931
0.5,1,0.5336245889346573,0.4606166866382752,0.047067734908244466,0.4946010253456183
0.5,1,0.5399772626124508,0.4576998139173425,0.04772178302218156,0.494898942426719
0.5,1,0.5463299362902443,0.4548014124040688,0.04838537568194523,0.49520118396354884
0.5,1,0.5526826099680379,0.4519213651288278,0.04905865893988545,0.49550781820564166
0.5,1,0.5590352836458314,0.44905955586270774,0.04974178108495981,0.49581891459519295
0.5,1,0.5653879573236249,0.44621586911282085,0.05043489267142786,0.49613454378995264
0.5,1,0.5717406310014185,0.44339019011764236,0.05113814654758044,0.49645477768658447
0.5,1,0.578093304679212,0.4405824048423795,0.05185169788448539,0.4967796894445013
0.5,1,0.5844459783570056,0.437792399974369,0.05257570420473021,0.497109353510186
0.5,1,0.5907986520347991,0.4350200629185043,0.053310325411139836,0.4974438456419953
0.5,1,0.5971513257125927,0.43226528179269186,0.05405572381544994,0.497783242935474
0.5,1,0.6035039993903862,0.4295279454233354,0.05481206416691261,0.4981276238491827
0.5,1,0.6098566730681797,0.4268079433408501,0.05557951368081044,0.49847706823104687
0.5,1,0.6162093467459733,0.4241051657752037,0.05635824206685416,0.4988316573452329
0.5,1,0.6225620204237668,0.4214195036514869,0.057148421557439516,0.49919147389957635
0.5,1,0.6289146941015603,0.41875084858551154,0.0579502269357355,0.4995566020735652
0.5,1,0.6352673677793539,0.4160990928794363,0.058763835563575686,0.49992712754688284
0.5,1,0.6416200414571475,0.4134641295174207,0.059589427409123645,0.5003031375285274
0.5,1,0.6479727151349409,0.4108458521613061,0.06042718507428289,0.5006847207865246
0.5,1,0.6543253888127345,0.4082441551463242,0.06127729382181957,0.5010719676782421
0.5,1,0.6606780624905281,0.4056589334768329,0.06213994160216312,0.501464970181304
0.5,1,0.6670307361683215,0.4030900828220792,0.06301531907985329,0.5018638219251367
0.5,1,0.6733834098461151,0.4005374995119883,0.06390361965959715,0.5022686182231506
0.5,1,0.6797360835239087,0.3980010805329802,0.06480503951189988,0.5026794561055719
0.5,1,0.6860887572017021,0.3954807235238126,0.06571977759822897,0.5030964343529212
0.5,1,0.6924414308794957,0.392976326771449,0.06664803569567658,0.5035196535301801
0.5,1,0.6987941045572893,0.3904877892069553,0.06759001842107641,0.5039492160216418
0.5,1,0.7051467782350828,0.3880150104014199,0.06854593325453423,0.5043852260664556
0.5,1,0.7114994519128763,0.38555789056190104,0.0695159905623276,0.5048277897948836
0.5,1,0.7178521255906699,0.38311633052739985,0.07050040361913203,0.5052770152652893
0.5,1,0.7242047992684634,0.38069023176485817,0.07149938862952777,0.5057330125018722
0.5,1,0.730557472946257,0.3782794963651819,0.07251316474873626,0.5061958935331414
0.5,1,0.7369101466240505,0.37588402703929036,0.07354195410254147,0.5066657724311687
0.5,1,0.7432628203018441,0.3735037271141896,0.07458598180634539,0.5071427653516264
0.5,1,0.7496154939796376,0.3711385005290711,0.07564547598330645,0.5076269905746279
0.5,1,0.7559681676574311,0.3687882518314349,0.07672066778150548,0.5081185685463667
0.5,1,0.7623208413352247,0.36645288617323774,0.0778117913900904,0.5086176219216001
0.5,1,0.7686735150130182,0.36413230930706536,0.07891908405434193,0.5091242756069783
0.5,1,0.7750261886908117,0.3618264275823286,0.08004278608960463,0.5096386568052308
0.5,1,0.7813788623686053,0.3595351479414842,0.08118314089402455,0.5101608950602258
0.5,1,0.7877315360463988,0.3572583779162798,0.08234039496003902,0.5106911223029337
0.5,1,0.7940842097241924,0.3549960256240212,0.08351479788455764,0.511229472898308
0.5,1,0.8004368834019859,0.35274799976386517,0.08470660237777165,0.5117760836930794
0.5,1,0.8067895570797794,0.35051420961313445,0.08591606427053414,0.5123310940645041
0.5,1,0.813142230757573,0.34829456502365663,0.08714344252024872,0.5128946459700828
0.5,1,0.8194949044353665,0.3460889764181261,0.08838899921520525,0.5134668839982678
0.5,1,0.82584757811316,0.3438973547864888,0.0896529995772938,0.5140479554201505
0.5,1,0.8322002517909536,0.34171961168235027,0.09093571196304176,0.5146380102421909
0.5,1,0.8385529254687472,0.33955565921940634,0.09223740786290589,0.5152372012599873
0.5,1,0.8449055991465406,0.33740541006789615,0.09355836189875588,0.5158456841131053
0.5,1,0.8512582728243342,0.33526877745107775,0.09489885181948333,0.5164636173409758
0.5,1,0.8576109465021278,0.3331456751417263,0.09625915849467731,0.5170911624399146
0.5,1,0.8639636201799212,0.3310360174586543,0.09763956590630057,0.5177284839212666
0.5,1,0.8703162938577148,0.32893971926325344,0.09904036113830107,0.5183757493706833
0.5,1,0.8766689675355084,0.32685669595605893,0.10046183436409792,0.5190331295085717
0.5,1,0.8830216412133018,0.3247868634733353,0.10190427883188251,0.5197007982517443
0.5,1,0.8893743148910954,0.322730138283684,0.1033679908476741,0.5203789327762905
0.5,1,0.895726988568889,0.3206864373846721,0.10485326975606443,0.5210677135816634
0.5,1,0.9020796622466826,0.3186556782994829,0.10636041791860139,0.5217673245560487
0.5,1,0.908432335924476,0.31663777907358703,0.10788974068975571,0.5224779530430286
0.5,1,0.9147850096022696,0.31463265827143566,0.10944154639041352,0.52319978990956
0.5,1,0.9211376832800632,0.31264023497317334,0.11101614627884245,0.5239330296152762
0.5,1,0.9274903569578566,0.31066042877137284,0.1126138545190902,0.5246778702831854
0.5,1,0.9338430306356502,0.3086931597677901,0.11423498814676758,0.5254345137717675
0.5,1,0.9401957043134438,0.30673834857013954,0.11587986703217022,0.5262031657484895
0.5,1,0.9465483779912373,0.30479591628889047,0.11754881384070429,0.5269840357647767
0.5,1,0.9529010516690308,0.30286578453408297,0.11924215399058659,0.5277773373324908
0.5,1,0.9592537253468244,0.3009478754121646,0.12096021560778798,0.5285832880019379
0.5,1,0.9656063990246179,0.29904211152284693,0.12270332947819003,0.5294021094414056
0.5,1,0.9719590727024114,0.29714841595598157,0.12447182899694595,0.530234027518311
0.5,1,0.978311746380205,0.29526671228845675,0.12626605011503142,0.5310792723819794
0.5,1,0.9846644200579985,0.29339692458111294,0.12808633128298005,0.5319380785480953
0.5,1,0.991017093735792,0.2915389773756782,0.12993301339179578,0.532810684984823
0.5,1,0.9973697674135856,0.28969279569172296,0.13180643971106693,0.5336973352007051
0.5,1,1.0037224410913792,0.2878583050236341,0.1337069558242905,0.5345982773343438
0.5,1,1.0100751147691727,0.28603543133760817,0.13563490956143046,0.5355137642459015
0.5,1,1.0164277884469661,0.2842241010686636,0.1375906509287447,0.5364440536104625
0.5,1,1.0227804621247598,0.28242424111767167,0.1395745320359329,0.537389408013338
0.5,1,1.0291331358025533,0.280635778848407,0.14158690702065727,0.5383500950473473
0.5,1,1.0354858094803467,0.2788586420846157,0.14362813197049135,0.5393263874120852
0.5,1,1.0418384831581404,0.27709275910710274,0.14569856484238716,0.5403185630152796
0.5,1,1.048191156835934,0.2753380586508377,0.1477985653797481,0.541326905076285
0.5,1,1.0545438305137274,0.2735944699020786,0.1499284950272099,0.5423517022317694
0.5,1,1.060896504191521,0.27186192249551416,0.15208871684323275,0.5433932486436055
0.5,1,1.0672491778693145,0.2701403465114244,0.1542795954106549,0.5444518441091072
0.5,1,1.073601851547108,0.2684296724728582,0.156501496745344,0.5455277941736411
0.5,1,1.0799545252249017,0.26672983134283007,0.15875478820310354,0.5466214102456749
0.5,1,1.0863071989026951,0.2650407545215341,0.1610398383850051,0.5477330097143162
0.5,1,1.0926598725804886,0.2633623738435749,0.16335701704135863,0.5488629160694769
0.5,1,1.0990125462582823,0.26169462157521717,0.16570669497452115,0.5500114590247145
0.5,1,1.1053652199360757,0.2600374304116521,0.16808924394076086,0.5511789746427914
0.5,1,1.1117178936138692,0.2583907334742812,0.17050503655143906,0.5523658054640878
0.5,1,1.1180705672916629,0.2567544643080171,0.17295444617377528,0.5535723006379595
0.5,1,1.1244232409694563,0.25512855687860203,0.17543784683148372,0.55479881605714
0.5,1,1.1307759146472498,0.2535129455699424,0.17795561310556615,0.5560457144952147
0.5,1,1.1371285883250435,0.2519075651814612,0.18050812003561886,0.5573133657473738
0.5,1,1.143481262002837,0.25031235092546666,0.18309574302199066,0.5586021467745135
0.5,1,1.1498339356806306,0.24872723842453714,0.18571885772916513,0.5599124418507987
0.5,1,1.156186609358424,0.247152163708924,0.1883778399907418,0.5612446427147689
0.5,1,1.1625392830362176,0.24558706321396911,0.19107306571646962,0.5625991487242095
0.5,1,1.1688919567140112,0.24403187377754001,0.19380491080175383,0.5639763670148761
0.5,1,1.1752446303918047,0.242486532637481,0.19657375104008862,0.5653767126631795
0.5,1,1.1815973040695982,0.24095097742908,0.19937996203891575,0.5668006088530138
0.5,1,1.1879499777473919,0.2394251461825518,0.20222391913942792,0.568248487046912
0.5,1,1.1943026514251853,0.2379089773205374,0.2051059973408526,0.5697207871616896
0.5,1,1.2006553251029788,0.23640240965561857,0.20802657122974635,0.5712179577486587
0.5,1,1.2070079987807725,0.23490538238784886,0.21098601491492272,0.5727404561787162
0.5,1,1.213360672458566,0.23341783510229977,0.21398470196861355,0.5742887488324576
0.5,1,1.2197133461363594,0.23193970776662265,0.21702300537449565,0.5758633112955224
0.5,1,1.226066019814153,0.23047094072862587,0.22010129748321366,0.5774646285593047
0.5,1,1.2324186934919465,0.22901147471386782,0.223219949976132,0.5790931952273969
0.5,1,1.23877136716974,0.22756125082326437,0.2263793338379998,0.5807495157279327
0.5,1,1.2451240408475337,0.226120210530712,0.22957981933924293,0.5824341045320454
0.5,1,1.2514767145253272,0.22468829568072624,0.23282177602863996,0.5841474863787142
0.5,1,1.2578293882031206,0.22326544848609423,0.23610557273718416,0.5858901965063388
0.5,1,1.2641820618809143,0.22185161152554284,0.23943157759392134,0.5876627808913151
0.5,1,1.2705347355587078,0.22044672774142154,0.24280015805453248,0.5894657964937968
0.5,1,1.2768874092365012,0.21905074043739925,0.24621168094355872,0.5912998115111032
0.5,1,1.283240082914295,0.21766359327617682,0.24966651251110908,0.5931654056390752
0.5,1,1.2895927565920884,0.2162852302772131,0.25316501850493583,0.5950631703417428
0.5,1,1.2959454302698818,0.21491559581446584,0.25670756425871366,0.5969937091295414
0.5,1,1.3022981039476755,0.21355463461414673,0.2602945147975184,0.5989576378466719
0.5,1,1.308650777625469,0.21220229175249108,0.26392623496139483,0.6009555849679226
0.5,1,1.3150034513032625,0.2108585126535408,0.2676030895479456,0.6029881919053589
0.5,1,1.3213561249810561,0.20952324308694223,0.27132544347487375,0.6050561133252952
0.5,1,1.3277087986588496,0.20819642916575753,0.275093661963512,0.6071600174761671
0.5,1,1.334061472336643,0.2068780173442898,0.27890811074429295,0.6093005865277533
0.5,1,1.3404141460144368,0.2055679544159224,0.28276915628508464,0.6114785169221315
0.5,1,1.3467668196922302,0.20426618751097178,0.2866771660434515,0.6136945197370679
0.5,1,1.3531194933700237,0.20297266409455336,0.2906325087438456,0.6159493210624166
0.5,1,1.3594721670478174,0.20168733196446187,0.2946355546807401,0.6182436623901484
0.5,1,1.3658248407256108,0.20041013924906462,0.2986866760486177,0.6205783010184325
0.5,1,1.3721775144034043,0.19914103440520778,0.30278624729997167,0.6229540104707367
0.5,1,1.378530188081198,0.19787996621613663,0.3069346455322794,0.6253715809305328
0.5,1,1.3848828617589914,0.19662688378942855,0.31113225090496827,0.6278318196923302
0.5,1,1.391235535436785,0.195381736554939,0.3153794470873313,0.6303355516296927
0.5,1,1.3975882091145786,0.19414447426276085,0.31967662173854605,0.6328836196813243
0.5,1,1.403940882792372,0.19291504698119655,0.3240241670207691,0.635476885355967
0.5,1,1.4102935564701655,0.1916934050947427,0.3284224801462449,0.6381162292568562
0.5,1,1.4166462301479592,0.19047949930208813,0.33287196395951285,0.6408025516268094
0.5,1,1.4229989038257527,0.18927328061412405,0.33737302755576537,0.6435367729150029
0.5,1,1.4293515775035461,0.1880747003519671,0.3419260869363819,0.6463198343664937
0.5,1,1.4357042511813398,0.1868837101449947,0.34653156570247745,0.6491526986352385
0.5,1,1.4420569248591333,0.18570026192889327,0.3511898957876921,0.6520363504221733
0.5,1,1.4484095985369267,0.18452430794371813,0.3559015182311793,0.6549717971394318
0.5,1,1.4547622722147204,0.18335580073196636,0.3606668839918036,0.6579600696019652
0.5,1,1.461114945892514,0.18219469313666156,0.36548645480442443,0.6610022227476273
0.5,1,1.4674676195703076,0.1810409382994505,0.3703607040795592,0.6640993363876061
0.5,1,1.473820293248101,0.17989448965871244,0.37529011784734645,0.6672525159884709
0.5,1,1.4801729669258945,0.17875530094767975,0.3802751957467749,0.6704628934872218
0.5,1,1.4865256406036882,0.17762332619257087,0.38531645206127163,0.6737316281410347
0.5,1,1.4928783142814817,0.17649851971073513,0.3904144168018478,0.6770599074136309
0.5,1,1.4992309879592751,0.1753808361088088,0.39556963683891944,0.6804489479000755
0.5,1,1.5055836616370688,0.1742702302808834,0.4007826770836258,0.6838999962913783
0.5,1,1.5119363353148623,0.17316665740668538,0.4060541217201394,0.6874143303814718
0.5,1,1.5182890089926557,0.17207007294976726,0.4113845754901068,0.6909932601185498
0.5,1,1.5246416826704494,0.17098043265571028,0.41677466503048743,0.6946381287030171
0.5,1,1.5309943563482429,0.16989769255033854,0.4222250402657704,0.6983503137338468
0.5,1,1.5373470300260363,0.1688218089379442,0.4277363758564155,0.7021312284066319
0.5,1,1.54369970370383,0.16775273839952423,0.43330937270476805,0.7059823227656137
0.5,1,1.5500523773816235,0.16669043779102807,0.43894475951985085,0.7099050850122575
0.5,1,1.556405051059417,0.16563486424161647,0.4446432944425674,0.7139010428731765
0.5,1,1.5627577247372106,0.16458597515193138,0.4504057667333393,0.7179717650309937
0.5,1,1.569110398415004,0.16354372819237697,0.45623299852394655,0.7221188626212962
0.5,1,1.5754630720927976,0.16250808130141103,0.4621258466350389,0.7263439907983551
0.5,1,1.5818157457705913,0.16147899268384763,0.4680852044618359,0.7306488503739612
0.5,1,1.5881684194483847,0.16045642080917064,0.474112003930226,0.7350351895331633
0.5,1,1.5945210931261782,0.15944032440985736,0.4802072175257222,0.7395048056310669
0.5,1,1.6008737668039719,0.15843066247971327,0.4863718603971809,0.7440595470739473
0.5,1,1.6072264404817653,0.1574273942722172,0.49260699253893614,0.7487013152905961
0.5,1,1.6135791141595588,0.1564304792988768,0.49891372105404896,0.7534320667982528
0.5,1,1.6199317878373525,0.15543987732759462,0.5052932025018049,0.7582538153680756
0.5,1,1.626284461515146,0.15445554838104467,0.5117466453326138,0.7631686342950799
0.5,1,1.6326371351929394,0.15347745273505872,0.5182753124148962,0.768178658779513
0.5,1,1.638989808870733,0.15250555091702342,0.5248805236578131,0.7732860884254369
0.5,1,1.6453424825485266,0.15153980370428727,0.5315636587336309,0.7784931898620828
0.5,1,1.65169515622632,0.15058017212257765,0.5383261599050285,0.783802299495699
0.5,1,1.6580478299041137,0.14962661744442804,0.5451695349626965,0.7892158263995048
0.5,1,1.6644005035819072,0.14867910118761507,0.552095360278985,0.7947362553498152
0.5,1,1.6707531772597006,0.14773758511360557,0.5591052839823594,0.8003661500148198
0.5,1,1.6771058509374943,0.14680203122601318,0.566201029260748,0.8061081563071664
0.5,1,1.6834585246152878,0.14587240176906532,0.5733843978004317,0.8119650059092146
0.5,1,1.6898111982930812,0.14494865922607914,0.5806572733681102,0.8179395199810717
0.5,1,1.696163871970875,0.14403076631794756,0.5880216255434263,0.824034613060854
0.5,1,1.7025165456486684,0.14311868600163508,0.5954795136126528,0.8302532971712595
0.5,1,1.7088692193264619,0.14221238146868243,0.603033090632644,0.8365986861440196
0.5,1,1.7152218930042555,0.14131181614372137,0.6106846076746391,0.8430740001742939
0.5,1,1.721574566682049,0.14041695368299864,0.618436418259628,0.8496825706198354
0.5,1,1.7279272403598425,0.13952775797290912,0.6262909829982053,0.8564278450611448
0.5,1,1.7342799140376361,0.13864419312853846,0.6342508744483145,0.8633133926392421
0.5,1,1.7406325877154296,0.1377662234922149,0.6423187822026862,0.8703429096852447
0.5,1,1.746985261393223,0.13689381363207032,0.6504975182239013,0.8775202256640855
0.5,1,1.7533379350710168,0.13602692834061017,0.6587900224431296,0.8848493094518022
0.5,1,1.7596906087488102,0.13516553263329273,0.6671993686406501,0.8923342759683235
0.5,1,1.7660432824266037,0.13430959174711724,0.6757287706250634,0.8999793931858154
0.5,1,1.7723959561043974,0.1334590711392209,0.6843815887357514,0.907789089542608
0.5,1,1.7787486297821908,0.13261393648548503,0.6931613366900135,0.915767961788143
0.5,1,1.7851013034599843,0.1317741536791496,0.7020716887982221,0.923920783286638
0.5,1,1.791453977137778,0.13093968882943705,0.7111164875732036,0.9322525128106695
0.5,1,1.7978066508155714,0.1301105082601844,0.7202997517646965,0.9407683038616077
0.5,1,1.8041593244933651,0.1292865785084842,0.7296256848500378,0.9494735145538084
0.5,1,1.8105119981711586,0.12846786632333432,0.7390986840102546,0.9583737180965649
0.5,1,1.816864671848952,0.1276543386642957,0.7487233496319942,0.9674747139221612
0.5,1,1.8232173455267457,0.1268459627001592,0.7585044953743183,0.9767825395060407
0.5,1,1.8295700192045392,0.12604270580762045,0.7684471588437957,0.9863034829303906
0.5,1,1.8359226928823327,0.1252445355699636,0.7785566129185046,0.9960440962384194
0.5,1,1.8422753665601264,0.12445141977575266,0.78883837777872,1.006011209648264
0.5,1,1.8486280402379198,0.12366332641753201,0.7992982336967316,1.0162119466880373
0.5,1,1.8549807139157133,0.12288022369053427,0.8099422346439988,1.0266537403204434
0.5,1,1.861333387593507,0.12210207999139706,0.8207767227778133,1.0373443501299964
0.5,1,1.8676860612713004,0.1213288639168875,0.8318083438844275,1.048291880664122
0.5,1,1.874038734949094,0.12056054426263486,0.8430440638547484,1.0595048010176435
0.5,1,1.8803914086268876,0.11979709002187122,0.8544911862692498,1.070991965750382
0.5,1,1.886744082304681,0.11903847038418032,0.8661573711895895,1.082762637253302
0.5,1,1.8930967559824745,0.11828465473425392,0.8780506552581733,1.0948265096826155
0.5,1,1.8994494296602682,0.11753561265065646,0.890179473217377,1.10719373459365
0.5,1,1.9058021033380617,0.11679131390459727,0.9025526809551685,1.119874948399504
0.5,1,1.9121547770158551,0.11605172845871062,0.9151795802242191,1.1328813018291362
0.5,1,1.9185074506936488,0.11531682646584351,0.9280699451750343,1.1462244915504063
0.5,1,1.9248601243714423,0.11458657826785129,0.9412340508610543,1.1599167941444777
0.5,1,1.9312127980492357,0.11386095439440055,0.9546827038806036,1.173971102625811
0.5,1,1.9375654717270294,0.11313992556177987,0.9684272753656888,1.1884009657568124
0.5,1,1.9439181454048229,0.11242346267171817,0.982479736525919,1.203220630402931
0.5,1,1.9502708190826163,0.11171153681021015,0.9968526969698823,1.2184450871904584
0.5,1,1.95662349276041,0.11100411924634958,1.0115594460696795,1.2340901197815752
0.5,1,1.9629761664382035,0.11030118143116983,1.0266139976621473,1.2501723581140436
0.5,1,1.969328840115997,0.10960269499649171,1.0420311384099443,1.2667093359879176
0.5,1,1.9756815137937906,0.10890863175377849,1.0578264801435506,1.2837195533780295
0.5,1,1.982034187471584,0.10821896369299855,1.0740165166091298,1.3012225439763736
0.5,1,1.9883868611493776,0.10753366298149479,1.0906186850523056,1.3192389484730782
0.5,1,1.9947395348271713,0.10685270196286148,1.1076514331264604,1.3377905941543908
0.5,1,2.0010922085049647,0.10617605315582819,1.1251342916362688,1.3569005814215682
0.5,1,2.0074448821827584,0.10550368925315057,1.1430879537714427,1.37659337800757
0.5,1,2.0137975558605516,0.10483558312050859,1.161534361498951,1.3968949216825015
0.5,1,2.0201502295383453,0.10417170779541116,1.1804967998557774,1.4178327323262996
0.5,1,2.026502903216139,0.10351203648610828,1.2,1.4394360343849233
