beta0,control_gamma_pt_zero,pole_index,pole_real,pole_halfwidth,coherent_channel,relative_rate_channel
0.35,0,0,-0.06046693311223913,0.12,0.0925,0.06999999999999999
0.35,0,1,0.06046693311223913,0.12,0.0925,0.06999999999999999
0.35,1,0,-0.0925,0.12,0.0925,0.0
0.35,1,1,0.0925,0.12,0.0925,0.0
0.3525,0,0,-0.060076123584998406,0.12,0.092625,0.0705
0.3525,0,1,0.060076123584998406,0.12,0.092625,0.0705
0.3525,1,0,-0.092625,0.12,0.092625,0.0
0.3525,1,1,0.092625,0.12,0.092625,0.0
0.355,0,0,-0.0596788279040398,0.12,0.09275,0.071
0.355,0,1,0.0596788279040398,0.12,0.09275,0.071
0.355,1,0,-0.09275,0.12,0.09275,0.0
0.355,1,1,0.09275,0.12,0.09275,0.0
0.3575,0,0,-0.05927491564734615,0.12,0.092875,0.0715
0.3575,0,1,0.05927491564734615,0.12,0.092875,0.0715
0.3575,1,0,-0.092875,0.12,0.092875,0.0
0.3575,1,1,0.092875,0.12,0.092875,0.0
0.36,0,0,-0.05886425061104576,0.12,0.093,0.072
0.36,0,1,0.05886425061104576,0.12,0.093,0.072
0.36,1,0,-0.093,0.12,0.093,0.0
0.36,1,1,0.093,0.12,0.093,0.0
0.3625,0,0,-0.05844669045378019,0.12,0.093125,0.0725
0.3625,0,1,0.05844669045378019,0.12,0.093125,0.0725
0.3625,1,0,-0.093125,0.12,0.093125,0.0
0.3625,1,1,0.093125,0.12,0.093125,0.0
0.365,0,0,-0.058022086312024324,0.12,0.09325,0.073
0.365,0,1,0.058022086312024324,0.12,0.09325,0.073
0.365,1,0,-0.09325,0.12,0.09325,0.0
0.365,1,1,0.09325,0.12,0.09325,0.0
0.3675,0,0,-0.05759028238340216,0.12,0.093375,0.0735
0.3675,0,1,0.05759028238340216,0.12,0.093375,0.0735
0.3675,1,0,-0.093375,0.12,0.093375,0.0
0.3675,1,1,0.093375,0.12,0.093375,0.0
0.37,0,0,-0.05715111547467819,0.12,0.0935,0.074
0.37,0,1,0.05715111547467819,0.12,0.0935,0.074
0.37,1,0,-0.0935,0.12,0.0935,0.0
0.37,1,1,0.0935,0.12,0.0935,0.0
0.3725,0,0,-0.056704414510688674,0.12,0.093625,0.0745
0.3725,0,1,0.056704414510688674,0.12,0.093625,0.0745
0.3725,1,0,-0.093625,0.12,0.093625,0.0
0.3725,1,1,0.093625,0.12,0.093625,0.0
0.375,0,0,-0.05624999999999999,0.12,0.09375,0.07500000000000001
0.375,0,1,0.05624999999999999,0.12,0.09375,0.07500000000000001
0.375,1,0,-0.09375,0.12,0.09375,0.0
0.375,1,1,0.09375,0.12,0.09375,0.0
0.3775,0,0,-0.055787683452532766,0.12,0.093875,0.07550000000000001
0.3775,0,1,0.055787683452532766,0.12,0.093875,0.07550000000000001
0.3775,1,0,-0.093875,0.12,0.093875,0.0
0.3775,1,1,0.093875,0.12,0.093875,0.0
0.38,0,0,-0.05531726674375731,0.12,0.094,0.07600000000000001
0.38,0,1,0.05531726674375731,0.12,0.094,0.07600000000000001
0.38,1,0,-0.094,0.12,0.094,0.0
0.38,1,1,0.094,0.12,0.094,0.0
0.3825,0,0,-0.054838541419333885,0.12,0.094125,0.07650000000000001
0.3825,0,1,0.054838541419333885,0.12,0.094125,0.07650000000000001
0.3825,1,0,-0.094125,0.12,0.094125,0.0
0.3825,1,1,0.094125,0.12,0.094125,0.0
0.385,0,0,-0.054351287933221956,0.12,0.09425,0.07700000000000001
0.385,0,1,0.054351287933221956,0.12,0.09425,0.07700000000000001
0.385,1,0,-0.09425,0.12,0.09425,0.0
0.385,1,1,0.09425,0.12,0.09425,0.0
0.3875,0,0,-0.053855274811294,0.12,0.094375,0.07750000000000001
0.3875,0,1,0.053855274811294,0.12,0.094375,0.07750000000000001
0.3875,1,0,-0.094375,0.12,0.094375,0.0
0.3875,1,1,0.094375,0.12,0.094375,0.0
0.39,0,0,-0.05335025773133621,0.12,0.0945,0.07800000000000001
0.39,0,1,0.05335025773133621,0.12,0.0945,0.07800000000000001
0.39,1,0,-0.0945,0.12,0.0945,0.0
0.39,1,1,0.0945,0.12,0.0945,0.0
0.3925,0,0,-0.05283597850896677,0.12,0.094625,0.07850000000000001
0.3925,0,1,0.05283597850896677,0.12,0.094625,0.07850000000000001
0.3925,1,0,-0.094625,0.12,0.094625,0.0
0.3925,1,1,0.094625,0.12,0.094625,0.0
0.395,0,0,-0.052312163977415393,0.12,0.09475,0.07900000000000001
0.395,0,1,0.052312163977415393,0.12,0.09475,0.07900000000000001
0.395,1,0,-0.09475,0.12,0.09475,0.0
0.395,1,1,0.09475,0.12,0.09475,0.0
0.39749999999999996,0,0,-0.051778524747234746,0.12,0.094875,0.0795
0.39749999999999996,0,1,0.051778524747234746,0.12,0.094875,0.0795
0.39749999999999996,1,0,-0.094875,0.12,0.094875,0.0
0.39749999999999996,1,1,0.094875,0.12,0.094875,0.0
0.4,0,0,-0.05123475382979796,0.12,0.095,0.08000000000000002
0.4,0,1,0.05123475382979796,0.12,0.095,0.08000000000000002
0.4,1,0,-0.095,0.12,0.095,0.0
0.4,1,1,0.095,0.12,0.095,0.0
0.40249999999999997,0,0,-0.0506805251058037,0.12,0.095125,0.0805
0.40249999999999997,0,1,0.0506805251058037,0.12,0.095125,0.0805
0.40249999999999997,1,0,-0.095125,0.12,0.095125,0.0
0.40249999999999997,1,1,0.095125,0.12,0.095125,0.0
0.405,0,0,-0.05011549161686432,0.12,0.09525,0.08100000000000002
0.405,0,1,0.05011549161686432,0.12,0.09525,0.08100000000000002
0.405,1,0,-0.09525,0.12,0.09525,0.0
0.405,1,1,0.09525,0.12,0.09525,0.0
0.4075,0,0,-0.0495392836544898,0.12,0.095375,0.0815
0.4075,0,1,0.0495392836544898,0.12,0.095375,0.0815
0.4075,1,0,-0.095375,0.12,0.095375,0.0
0.4075,1,1,0.095375,0.12,0.095375,0.0
0.41000000000000003,0,0,-0.04895150661624213,0.12,0.0955,0.08200000000000002
0.41000000000000003,0,1,0.04895150661624213,0.12,0.0955,0.08200000000000002
0.41000000000000003,1,0,-0.0955,0.12,0.0955,0.0
0.41000000000000003,1,1,0.0955,0.12,0.0955,0.0
0.4125,0,0,-0.048351738593353594,0.12,0.095625,0.0825
0.4125,0,1,0.048351738593353594,0.12,0.095625,0.0825
0.4125,1,0,-0.095625,0.12,0.095625,0.0
0.4125,1,1,0.095625,0.12,0.095625,0.0
0.41500000000000004,0,0,-0.04773952764743277,0.12,0.09575,0.08300000000000002
0.41500000000000004,0,1,0.04773952764743277,0.12,0.09575,0.08300000000000002
0.41500000000000004,1,0,-0.09575,0.12,0.09575,0.0
0.41500000000000004,1,1,0.09575,0.12,0.09575,0.0
0.4175,0,0,-0.04711438872573855,0.12,0.095875,0.0835
0.4175,0,1,0.04711438872573855,0.12,0.095875,0.0835
0.4175,1,0,-0.095875,0.12,0.095875,0.0
0.4175,1,1,0.095875,0.12,0.095875,0.0
0.42,0,0,-0.046475800154488996,0.12,0.096,0.084
0.42,0,1,0.046475800154488996,0.12,0.096,0.084
0.42,1,0,-0.096,0.12,0.096,0.0
0.42,1,1,0.096,0.12,0.096,0.0
0.4225,0,0,-0.04582319963730162,0.12,0.096125,0.0845
0.4225,0,1,0.04582319963730162,0.12,0.096125,0.0845
0.4225,1,0,-0.096125,0.12,0.096125,0.0
0.4225,1,1,0.096125,0.12,0.096125,0.0
0.425,0,0,-0.04515597967047109,0.12,0.09625,0.085
0.425,0,1,0.04515597967047109,0.12,0.09625,0.085
0.425,1,0,-0.09625,0.12,0.09625,0.0
0.425,1,1,0.09625,0.12,0.09625,0.0
0.4275,0,0,-0.04447348226752656,0.12,0.096375,0.0855
0.4275,0,1,0.04447348226752656,0.12,0.096375,0.0855
0.4275,1,0,-0.096375,0.12,0.096375,0.0
0.4275,1,1,0.096375,0.12,0.096375,0.0
0.43,0,0,-0.04377499286122157,0.12,0.0965,0.08600000000000001
0.43,0,1,0.04377499286122157,0.12,0.0965,0.08600000000000001
0.43,1,0,-0.0965,0.12,0.0965,0.0
0.43,1,1,0.0965,0.12,0.0965,0.0
0.4325,0,0,-0.04305973322026042,0.12,0.096625,0.08650000000000001
0.4325,0,1,0.04305973322026042,0.12,0.096625,0.08650000000000001
0.4325,1,0,-0.096625,0.12,0.096625,0.0
0.4325,1,1,0.096625,0.12,0.096625,0.0
0.435,0,0,-0.04232685317856738,0.12,0.09675,0.08700000000000001
0.435,0,1,0.04232685317856738,0.12,0.09675,0.08700000000000001
0.435,1,0,-0.09675,0.12,0.09675,0.0
0.435,1,1,0.09675,0.12,0.09675,0.0
0.4375,0,0,-0.04157542092390647,0.12,0.096875,0.08750000000000001
0.4375,0,1,0.04157542092390647,0.12,0.096875,0.08750000000000001
0.4375,1,0,-0.096875,0.12,0.096875,0.0
0.4375,1,1,0.096875,0.12,0.096875,0.0
0.44,0,0,-0.04080441152620632,0.12,0.097,0.08800000000000001
0.44,0,1,0.04080441152620632,0.12,0.097,0.08800000000000001
0.44,1,0,-0.097,0.12,0.097,0.0
0.44,1,1,0.097,0.12,0.097,0.0
0.4425,0,0,-0.04001269329850215,0.12,0.097125,0.08850000000000001
0.4425,0,1,0.04001269329850215,0.12,0.097125,0.08850000000000001
0.4425,1,0,-0.097125,0.12,0.097125,0.0
0.4425,1,1,0.097125,0.12,0.097125,0.0
0.445,0,0,-0.039199011467127585,0.12,0.09725,0.08900000000000001
0.445,0,1,0.039199011467127585,0.12,0.09725,0.08900000000000001
0.445,1,0,-0.09725,0.12,0.09725,0.0
0.445,1,1,0.09725,0.12,0.09725,0.0
0.4475,0,0,-0.03836196847139103,0.12,0.097375,0.08950000000000001
0.4475,0,1,0.03836196847139103,0.12,0.097375,0.08950000000000001
0.4475,1,0,-0.097375,0.12,0.097375,0.0
0.4475,1,1,0.097375,0.12,0.097375,0.0
0.45,0,0,-0.03749999999999999,0.12,0.0975,0.09000000000000001
0.45,0,1,0.03749999999999999,0.12,0.0975,0.09000000000000001
0.45,1,0,-0.0975,0.12,0.0975,0.0
0.45,1,1,0.0975,0.12,0.0975,0.0
0.4525,0,0,-0.036611345577566526,0.12,0.097625,0.09050000000000001
0.4525,0,1,0.036611345577566526,0.12,0.097625,0.09050000000000001
0.4525,1,0,-0.097625,0.12,0.097625,0.0
0.4525,1,1,0.097625,0.12,0.097625,0.0
0.455,0,0,-0.03569401210287237,0.12,0.09775,0.09100000000000001
0.455,0,1,0.03569401210287237,0.12,0.09775,0.09100000000000001
0.455,1,0,-0.09775,0.12,0.09775,0.0
0.455,1,1,0.09775,0.12,0.09775,0.0
0.4575,0,0,-0.03474572815469546,0.12,0.097875,0.09150000000000001
0.4575,0,1,0.03474572815469546,0.12,0.097875,0.09150000000000001
0.4575,1,0,-0.097875,0.12,0.097875,0.0
0.4575,1,1,0.097875,0.12,0.097875,0.0
0.46,0,0,-0.033763886032268244,0.12,0.098,0.09200000000000001
0.46,0,1,0.033763886032268244,0.12,0.098,0.09200000000000001
0.46,1,0,-0.098,0.12,0.098,0.0
0.46,1,1,0.098,0.12,0.098,0.0
0.4625,0,0,-0.0327454672435743,0.12,0.098125,0.09250000000000001
0.4625,0,1,0.0327454672435743,0.12,0.098125,0.09250000000000001
0.4625,1,0,-0.098125,0.12,0.098125,0.0
0.4625,1,1,0.098125,0.12,0.098125,0.0
0.465,0,0,-0.03168694526141638,0.12,0.09825,0.09300000000000001
0.465,0,1,0.03168694526141638,0.12,0.09825,0.09300000000000001
0.465,1,0,-0.09825,0.12,0.09825,0.0
0.465,1,1,0.09825,0.12,0.09825,0.0
0.4675,0,0,-0.030584156437606695,0.12,0.098375,0.09350000000000001
0.4675,0,1,0.030584156437606695,0.12,0.098375,0.09350000000000001
0.4675,1,0,-0.098375,0.12,0.098375,0.0
0.4675,1,1,0.098375,0.12,0.098375,0.0
0.47000000000000003,0,0,-0.029432125305522857,0.12,0.0985,0.09400000000000001
0.47000000000000003,0,1,0.029432125305522857,0.12,0.0985,0.09400000000000001
0.47000000000000003,1,0,-0.0985,0.12,0.0985,0.0
0.47000000000000003,1,1,0.0985,0.12,0.0985,0.0
0.47250000000000003,0,0,-0.028224822851525555,0.12,0.098625,0.09450000000000001
0.47250000000000003,0,1,0.028224822851525555,0.12,0.098625,0.09450000000000001
0.47250000000000003,1,0,-0.098625,0.12,0.098625,0.0
0.47250000000000003,1,1,0.098625,0.12,0.098625,0.0
0.47500000000000003,0,0,-0.026954823316059744,0.12,0.09875,0.09500000000000001
0.47500000000000003,0,1,0.026954823316059744,0.12,0.09875,0.09500000000000001
0.47500000000000003,1,0,-0.09875,0.12,0.09875,0.0
0.47500000000000003,1,1,0.09875,0.12,0.09875,0.0
0.47750000000000004,0,0,-0.025612801974793726,0.12,0.098875,0.09550000000000002
0.47750000000000004,0,1,0.025612801974793726,0.12,0.098875,0.09550000000000002
0.47750000000000004,1,0,-0.098875,0.12,0.098875,0.0
0.47750000000000004,1,1,0.098875,0.12,0.098875,0.0
0.48000000000000004,0,0,-0.024186773244895588,0.12,0.099,0.09600000000000002
0.48000000000000004,0,1,0.024186773244895588,0.12,0.099,0.09600000000000002
0.48000000000000004,1,0,-0.099,0.12,0.099,0.0
0.48000000000000004,1,1,0.099,0.12,0.099,0.0
0.48250000000000004,0,0,-0.022660883146956096,0.12,0.099125,0.09650000000000002
0.48250000000000004,0,1,0.022660883146956096,0.12,0.099125,0.09650000000000002
0.48250000000000004,1,0,-0.099125,0.12,0.099125,0.0
0.48250000000000004,1,1,0.099125,0.12,0.099125,0.0
0.485,0,0,-0.021013388589182874,0.12,0.09925,0.097
0.485,0,1,0.021013388589182874,0.12,0.09925,0.097
0.485,1,0,-0.09925,0.12,0.09925,0.0
0.485,1,1,0.09925,0.12,0.09925,0.0
0.48750000000000004,0,0,-0.019213032686174206,0.12,0.099375,0.09750000000000002
0.48750000000000004,0,1,0.019213032686174206,0.12,0.099375,0.09750000000000002
0.48750000000000004,1,0,-0.099375,0.12,0.099375,0.0
0.48750000000000004,1,1,0.099375,0.12,0.099375,0.0
0.49,0,0,-0.017211914478058494,0.12,0.0995,0.098
0.49,0,1,0.017211914478058494,0.12,0.0995,0.098
0.49,1,0,-0.0995,0.12,0.0995,0.0
0.49,1,1,0.0995,0.12,0.0995,0.0
0.49250000000000005,0,0,-0.014929521928045657,0.12,0.099625,0.09850000000000002
0.49250000000000005,0,1,0.014929521928045657,0.12,0.099625,0.09850000000000002
0.49250000000000005,1,0,-0.099625,0.12,0.099625,0.0
0.49250000000000005,1,1,0.099625,0.12,0.099625,0.0
0.495,0,0,-0.012209115447074776,0.12,0.09975,0.099
0.495,0,1,0.012209115447074776,0.12,0.09975,0.099
0.495,1,0,-0.09975,0.12,0.09975,0.0
0.495,1,1,0.09975,0.12,0.09975,0.0
0.49750000000000005,0,0,-0.008646711802760465,0.12,0.099875,0.09950000000000002
0.49750000000000005,0,1,0.008646711802760465,0.12,0.099875,0.09950000000000002
0.49750000000000005,1,0,-0.099875,0.12,0.099875,0.0
0.49750000000000005,1,1,0.099875,0.12,0.099875,0.0
0.5,0,0,-0.0,0.12,0.1,0.1
0.5,0,1,0.0,0.12,0.1,0.1
0.5,1,0,-0.1,0.12,0.1,0.0
0.5,1,1,0.1,0.12,0.1,0.0
0.5025000000000001,0,0,0.0,0.12867377512966538,0.100125,0.10050000000000002
0.5025000000000001,0,1,0.0,0.1113262248703346,0.100125,0.10050000000000002
0.5025000000000001,1,0,-0.100125,0.12,0.100125,0.0
0.5025000000000001,1,1,0.100125,0.12,0.100125,0.0
0.505,0,0,0.0,0.13228566237530562,0.10025,0.101
0.505,0,1,0.0,0.10771433762469437,0.10025,0.101
0.505,1,0,-0.10025,0.12,0.10025,0.0
0.505,1,1,0.10025,0.12,0.10025,0.0
0.5075000000000001,0,0,0.0,0.13507014847305768,0.100375,0.10150000000000002
0.5075000000000001,0,1,0.0,0.10492985152694231,0.100375,0.10150000000000002
0.5075000000000001,1,0,-0.100375,0.12,0.100375,0.0
0.5075000000000001,1,1,0.100375,0.12,0.100375,0.0
0.51,0,0,0.0,0.13742842505793337,0.1005,0.10200000000000001
0.51,0,1,0.0,0.10257157494206662,0.1005,0.10200000000000001
0.51,1,0,-0.1005,0.12,0.1005,0.0
0.51,1,1,0.1005,0.12,0.1005,0.0
0.5125000000000001,0,0,0.0,0.1395156187449951,0.100625,0.10250000000000002
0.5125000000000001,0,1,0.0,0.10048438125500489,0.100625,0.10250000000000002
0.5125000000000001,1,0,-0.100625,0.12,0.100625,0.0
0.5125000000000001,1,1,0.100625,0.12,0.100625,0.0
0.515,0,0,0.0,0.1414111536354303,0.10075,0.10300000000000001
0.515,0,1,0.0,0.09858884636456969,0.10075,0.10300000000000001
0.515,1,0,-0.10075,0.12,0.10075,0.0
0.515,1,1,0.10075,0.12,0.10075,0.0
0.5175000000000001,0,0,0.0,0.14316213235002345,0.100875,0.10350000000000002
0.5175000000000001,0,1,0.0,0.09683786764997653,0.100875,0.10350000000000002
0.5175000000000001,1,0,-0.100875,0.12,0.100875,0.0
0.5175000000000001,1,1,0.100875,0.12,0.100875,0.0
0.52,0,0,0.0,0.1447991935352745,0.101,0.10400000000000001
0.52,0,1,0.0,0.09520080646472548,0.101,0.10400000000000001
0.52,1,0,-0.101,0.12,0.101,0.0
0.52,1,1,0.101,0.12,0.101,0.0
0.5225000000000001,0,0,0.0,0.14634358318452528,0.101125,0.10450000000000002
0.5225000000000001,0,1,0.0,0.09365641681547471,0.101125,0.10450000000000002
0.5225000000000001,1,0,-0.101125,0.12,0.101125,0.0
0.5225000000000001,1,1,0.101125,0.12,0.101125,0.0
0.525,0,0,0.0,0.14781074432660873,0.10125,0.10500000000000001
0.525,0,1,0.0,0.09218925567339126,0.10125,0.10500000000000001
0.525,1,0,-0.10125,0.12,0.10125,0.0
0.525,1,1,0.10125,0.12,0.10125,0.0
0.5275000000000001,0,0,0.0,0.14921231546796665,0.101375,0.10550000000000002
0.5275000000000001,0,1,0.0,0.09078768453203336,0.101375,0.10550000000000002
0.5275000000000001,1,0,-0.101375,0.12,0.101375,0.0
0.5275000000000001,1,1,0.101375,0.12,0.101375,0.0
0.53,0,0,0.0,0.15055732318119508,0.1015,0.10600000000000001
0.53,0,1,0.0,0.08944267681880491,0.1015,0.10600000000000001
0.53,1,0,-0.1015,0.12,0.1015,0.0
0.53,1,1,0.1015,0.12,0.1015,0.0
0.5325000000000001,0,0,0.0,0.15185293353837293,0.10162500000000001,0.10650000000000003
0.5325000000000001,0,1,0.0,0.08814706646162707,0.10162500000000001,0.10650000000000003
0.5325000000000001,1,0,-0.10162500000000001,0.12,0.10162500000000001,0.0
0.5325000000000001,1,1,0.10162500000000001,0.12,0.10162500000000001,0.0
0.535,0,0,0.0,0.15310494676026531,0.10175000000000001,0.10700000000000001
0.535,0,1,0.0,0.08689505323973468,0.10175000000000001,0.10700000000000001
0.535,1,0,-0.10175000000000001,0.12,0.10175000000000001,0.0
0.535,1,1,0.10175000000000001,0.12,0.10175000000000001,0.0
0.5375000000000001,0,0,0.0,0.15431813478323092,0.10187500000000001,0.10750000000000003
0.5375000000000001,0,1,0.0,0.08568186521676907,0.10187500000000001,0.10750000000000003
0.5375000000000001,1,0,-0.10187500000000001,0.12,0.10187500000000001,0.0
0.5375000000000001,1,1,0.10187500000000001,0.12,0.10187500000000001,0.0
0.54,0,0,0.0,0.1554964786985977,0.10200000000000001,0.10800000000000001
0.54,0,1,0.0,0.08450352130140229,0.10200000000000001,0.10800000000000001
0.54,1,0,-0.10200000000000001,0.12,0.10200000000000001,0.0
0.54,1,1,0.10200000000000001,0.12,0.10200000000000001,0.0
0.5425,0,0,0.0,0.15664334011795322,0.102125,0.1085
0.5425,0,1,0.0,0.08335665988204675,0.102125,0.1085
0.5425,1,0,-0.102125,0.12,0.102125,0.0
0.5425,1,1,0.102125,0.12,0.102125,0.0
0.545,0,0,0.0,0.15776158762552234,0.10225000000000001,0.10900000000000001
0.545,0,1,0.0,0.08223841237447765,0.10225000000000001,0.10900000000000001
0.545,1,0,-0.10225000000000001,0.12,0.10225000000000001,0.0
0.545,1,1,0.10225000000000001,0.12,0.10225000000000001,0.0
0.5475000000000001,0,0,0.0,0.15885369190952137,0.10237500000000001,0.10950000000000003
0.5475000000000001,0,1,0.0,0.08114630809047864,0.10237500000000001,0.10950000000000003
0.5475000000000001,1,0,-0.10237500000000001,0.12,0.10237500000000001,0.0
0.5475000000000001,1,1,0.10237500000000001,0.12,0.10237500000000001,0.0
0.55,0,0,0.0,0.1599217985566783,0.10250000000000001,0.11000000000000001
0.55,0,1,0.0,0.0800782014433217,0.10250000000000001,0.11000000000000001
0.55,1,0,-0.10250000000000001,0.12,0.10250000000000001,0.0
0.55,1,1,0.10250000000000001,0.12,0.10250000000000001,0.0
